,fd,fs,pmp
0,0.0,0.0,1.0
1,0.0,0.01,0.9634632379942255
2,0.0,0.02,0.8710158720326223
3,0.0,0.03,0.7565667962979028
4,0.0,0.04,0.6300919810002695
5,0.0,0.05,0.49503654466179053
6,0.0,0.06,0.3530221881006202
7,0.0,0.07,0.20512190906974212
8,0.0,0.08,0.05198345385115212
9,0.0,0.09,-2.4932455514601485e-14
10,0.0,0.1,-2.4918412873236062e-14
11,0.0,0.11,-2.4902083709005094e-14
12,0.0,0.12,-2.4882575787368564e-14
13,0.0,0.13,-2.4858344900154673e-14
14,0.0,0.14,-2.482634807312951e-14
15,0.0,0.15,-2.4779124144470594e-14
16,0.0,0.16,-2.4687059097951454e-14
17,0.0,0.17,-2.2669396888979437e-14
18,0.0,0.18,-2.2655980265971702e-14
19,0.0,0.19,-2.2640491907066703e-14
20,0.0,0.2,-2.26221730606561e-14
21,0.0,0.21,-2.2599752595846187e-14
22,0.0,0.22,-2.257084757515178e-14
23,0.0,0.23,-2.253010820932748e-14
24,0.0,0.24,-2.2460463729619794e-14
25,0.0,0.25,-2.040616367494895e-14
26,0.0,0.26,-2.039331956410371e-14
27,0.0,0.27,-2.0378589515515524e-14
28,0.0,0.28,-2.0361322779995582e-14
29,0.0,0.29,-2.0340460109340612e-14
30,0.0,0.3,-2.03140989146033e-14
31,0.0,0.31,-2.0278261780684034e-14
32,0.0,0.32,-2.0222033991156668e-14
33,0.0,0.33,-2.008274483007374e-14
34,0.0,0.34,-1.813045105322535e-14
35,0.0,0.35000000000000003,-1.8116408411859933e-14
36,0.0,0.36,-1.8100079247628955e-14
37,0.0,0.37,-1.808057132599243e-14
38,0.0,0.38,-1.8056340438778537e-14
39,0.0,0.39,-1.8024343611753377e-14
40,0.0,0.4,-1.797711968309446e-14
41,0.0,0.41000000000000003,-1.7885054636575322e-14
42,0.0,0.42,-1.586739242760331e-14
43,0.0,0.43,-1.5853975804595573e-14
44,0.0,0.44,-1.5838487445690577e-14
45,0.0,0.45,-1.5820168599279975e-14
46,0.0,0.46,-1.5797748134470064e-14
47,0.0,0.47000000000000003,-1.5768843113775646e-14
48,0.0,0.48,-1.5728103747951352e-14
49,0.0,0.49,-1.5658459268243665e-14
50,0.0,0.5,-1.3604159213572826e-14
51,0.0,0.51,-1.3591315102727581e-14
52,0.0,0.52,-1.3576585054139393e-14
53,0.0,0.53,-1.3559318318619455e-14
54,0.0,0.54,-1.3538455647964484e-14
55,0.0,0.55,-1.3512094453227172e-14
56,0.0,0.56,-1.3476257319307904e-14
57,0.0,0.5700000000000001,-1.3420029529780544e-14
58,0.0,0.58,-1.3280740368697616e-14
59,0.0,0.59,-1.1328446591849219e-14
60,0.0,0.6,-1.1314403950483798e-14
61,0.0,0.61,-1.1298074786252823e-14
62,0.0,0.62,-1.1278566864616295e-14
63,0.0,0.63,-1.1254335977402405e-14
64,0.0,0.64,-1.1222339150377241e-14
65,0.0,0.65,-1.1175115221718328e-14
66,0.0,0.66,-1.1083050175199188e-14
67,0.0,0.67,-9.065387966227176e-15
68,0.0,0.68,-9.051971343219438e-15
69,0.0,0.6900000000000001,-9.036482984314442e-15
70,0.0,0.7000000000000001,-9.01816413790384e-15
71,0.0,0.71,-8.995743673093927e-15
72,0.0,0.72,-8.966838652399516e-15
73,0.0,0.73,-8.926099286575219e-15
74,0.0,0.74,-8.856454806867535e-15
75,0.0,0.75,-6.802154752196693e-15
76,0.0,0.76,-6.789310641351449e-15
77,0.0,0.77,-6.774580592763261e-15
78,0.0,0.78,-6.75731385724332e-15
79,0.0,0.79,-6.73645118658835e-15
80,0.0,0.8,-6.710089991851039e-15
81,0.0,0.81,-6.674252857931769e-15
82,0.0,0.8200000000000001,-6.618025068404411e-15
83,0.0,0.8300000000000001,-6.478735907321475e-15
84,0.0,0.84,-4.526442130473084e-15
85,0.0,0.85,-4.5123994891076624e-15
86,0.0,0.86,-4.4960703248766904e-15
87,0.0,0.87,-4.476562403240161e-15
88,0.0,0.88,-4.452331516026272e-15
89,0.0,0.89,-4.420334689001107e-15
90,0.0,0.9,-4.373110760342195e-15
91,0.0,0.91,-4.281045713823054e-15
92,0.0,0.92,-1.7975903334795136e-15
93,0.0,0.93,-1.6549075193863098e-15
94,0.0,0.9400000000000001,-1.796486710994856e-15
95,0.0,0.9500000000000001,-9.276399226736843e-16
96,0.0,0.96,-6.435891419920136e-16
97,0.0,0.97,-4.3413749616089717e-16
98,0.0,0.98,-1.3735565040338242e-16
99,0.0,0.99,-8.121064369001301e-17
100,0.0,1.0,0.0
101,0.05,0.0,1.0
102,0.05,0.01,0.9670318509822542
103,0.05,0.02,0.881532306674114
104,0.05,0.03,0.774610837641002
105,0.05,0.04,0.6561296124423505
106,0.05,0.05,0.529502017711538
107,0.05,0.06,0.3962909791313373
108,0.05,0.07,0.2574700068782292
109,0.05,0.08,0.11375057642104429
110,0.05,0.09,0.0647493275549594
111,0.05,0.1,0.0647142380303962
112,0.05,0.11,0.06467344151230459
113,0.05,0.12,0.06462467893364172
114,0.05,0.13,0.06456410416926746
115,0.05,0.14,0.06448407927502049
116,0.05,0.15,0.06436590412172188
117,0.05,0.16,0.06413503358451506
118,0.05,0.17,0.06260584951566263
119,0.05,0.18,0.06257304194507816
120,0.05,0.19,0.06253519194578923
121,0.05,0.2,0.06249040770377585
122,0.05,0.21,0.062435620712717084
123,0.05,0.22,0.06236500532403581
124,0.05,0.23,0.06226553060103548
125,0.05,0.24,0.06209573960637574
126,0.05,0.25,0.06087389877754109
127,0.05,0.26,0.06084248649985961
128,0.05,0.27,0.06080648088564129
129,0.05,0.28,0.060764277739706024
130,0.05,0.29,0.06071330304367233
131,0.05,0.3,0.06064888685934129
132,0.05,0.31,0.06056135897266694
133,0.05,0.32,0.06042417724842732
134,0.05,0.33,0.0600862046379445
135,0.05,0.34,0.0591114248532473
136,0.05,0.35000000000000003,0.05907709246680217
137,0.05,0.36,0.059037192484205206
138,0.05,0.37,0.05898950254278194
139,0.05,0.38,0.05893029335161878
140,0.05,0.39,0.058852133464550226
141,0.05,0.4,0.05873687785067978
142,0.05,0.41000000000000003,0.05851271612298748
143,0.05,0.42,0.0573798998446982
144,0.05,0.43,0.05734709227411373
145,0.05,0.44,0.057309242274824805
146,0.05,0.45,0.05726445803281143
147,0.05,0.46,0.05720967104175266
148,0.05,0.47000000000000003,0.057139055653071376
149,0.05,0.48,0.05703958093007105
150,0.05,0.49,0.05686978993541131
151,0.05,0.5,0.0556512430472157
152,0.05,0.51,0.05562051913692296
153,0.05,0.52,0.05558530758765496
154,0.05,0.53,0.055544052649364274
155,0.05,0.54,0.05549422575561492
156,0.05,0.55,0.055431313359017464
157,0.05,0.56,0.055345887919549766
158,0.05,0.5700000000000001,0.05521225539697422
159,0.05,0.58,0.054886042300644436
160,0.05,0.59,0.054117749726342056
161,0.05,0.6,0.05408417276862451
162,0.05,0.61,0.05404516399747621
163,0.05,0.62,0.053998546124169114
164,0.05,0.63,0.05394069711648664
165,0.05,0.64,0.053864392576343505
166,0.05,0.65,0.05375201007556595
167,0.05,0.66,0.053534439126952035
168,0.05,0.67,0.05261452757268359
169,0.05,0.68,0.05258244035423038
170,0.05,0.6900000000000001,0.05254542718227313
171,0.05,0.7000000000000001,0.05250165235527402
172,0.05,0.71,0.052448117598369065
173,0.05,0.72,0.05237914848790859
174,0.05,0.73,0.05228211381688636
175,0.05,0.74,0.05211692642918457
176,0.05,0.75,0.05111088941437296
177,0.05,0.76,0.051080165504080205
178,0.05,0.77,0.05104495395481223
179,0.05,0.78,0.05100369901652155
180,0.05,0.79,0.05095387212277217
181,0.05,0.8,0.05089095972617472
182,0.05,0.81,0.05080553428670704
183,0.05,0.8200000000000001,0.05067190176413149
184,0.05,0.8300000000000001,0.05034568866780169
185,0.05,0.84,0.04958365948467314
186,0.05,0.85,0.04955083624629265
187,0.05,0.86,0.049512709615562395
188,0.05,0.87,0.04946716698823268
189,0.05,0.88,0.04941067277430048
190,0.05,0.89,0.049336213920829805
191,0.05,0.9,0.04922668444997619
192,0.05,0.91,0.04901560129090273
193,0.05,0.92,0.048229400088794235
194,0.05,0.93,0.048160622353612376
195,0.05,0.9400000000000001,0.04816267395978167
196,0.05,0.9500000000000001,0.04810382799758255
197,0.05,0.96,0.04805907335858106
198,0.05,0.97,0.04799919729085395
199,0.05,0.98,0.047902657797548216
200,0.05,0.99,0.04774235633227851
201,0.05,1.0,0.046851425580777296
202,0.1,0.0,1.0
203,0.1,0.01,0.9704568211953847
204,0.1,0.02,0.8918373144048548
205,0.1,0.03,0.7924165422663229
206,0.1,0.04,0.6818178857753026
207,0.1,0.05,0.5635130279393193
208,0.1,0.06,0.4390013951123905
209,0.1,0.07,0.3092166598109274
210,0.1,0.08,0.1747734810613283
211,0.1,0.09,0.12896906038916434
212,0.1,0.1,0.12889963297112209
213,0.1,0.11,0.1288189045389612
214,0.1,0.12,0.12872244291990273
215,0.1,0.13,0.1286026368720961
216,0.1,0.14,0.12844443171520367
217,0.1,0.15,0.12821097260873576
218,0.1,0.16,0.12775604301046595
219,0.1,0.17,0.12535810282519416
220,0.1,0.18,0.12529179555055628
221,0.1,0.19,0.12521521948206202
222,0.1,0.2,0.12512465212914506
223,0.1,0.21,0.12501377288987972
224,0.1,0.22,0.12487085230790751
225,0.1,0.23,0.12466942955330486
226,0.1,0.24,0.12432515806540245
227,0.1,0.25,0.121860880661849
228,0.1,0.26,0.12179811588535187
229,0.1,0.27,0.12172612726857802
230,0.1,0.28,0.12164177634348987
231,0.1,0.29,0.12153992310030441
232,0.1,0.3,0.12141123349254664
233,0.1,0.31,0.12123648593198977
234,0.1,0.32,0.12096283925100001
235,0.1,0.33,0.12029281686302504
236,0.1,0.34,0.11867548578886163
237,0.1,0.35000000000000003,0.11860687133614171
238,0.1,0.36,0.11852710200281583
239,0.1,0.37,0.1184318070834358
240,0.1,0.38,0.11831351358129767
241,0.1,0.39,0.11815741344187539
242,0.1,0.4,0.11792739335968418
243,0.1,0.41000000000000003,0.11748132234934945
244,0.1,0.42,0.11556711485575527
245,0.1,0.43,0.11550234741688917
246,0.1,0.44,0.11542754913613308
247,0.1,0.45,0.11533916291856859
248,0.1,0.46,0.1152310363306965
249,0.1,0.47000000000000003,0.11509186073260531
250,0.1,0.48,0.11489611056795192
251,0.1,0.49,0.11456350936329779
252,0.1,0.5,0.11271523798376995
253,0.1,0.51,0.11265319468222972
254,0.1,0.52,0.11258205985860413
255,0.1,0.53,0.11249872482013366
256,0.1,0.54,0.11239812196472615
257,0.1,0.55,0.1122711162388089
258,0.1,0.56,0.11209875283171793
259,0.1,0.5700000000000001,0.11182945785964926
260,0.1,0.58,0.11117625045394808
261,0.1,0.59,0.10980305510944004
262,0.1,0.6,0.1097352515966519
263,0.1,0.61,0.10965643871951612
264,0.1,0.62,0.10956230691127294
265,0.1,0.63,0.10944552017497468
266,0.1,0.64,0.10929151517726274
267,0.1,0.65,0.10906567636093267
268,0.1,0.66,0.10863683301683479
269,0.1,0.67,0.10713399490975586
270,0.1,0.68,0.10706998160168706
271,0.1,0.6900000000000001,0.10699608213491182
272,0.1,0.7000000000000001,0.10690877547573341
273,0.1,0.71,0.10680202390313083
274,0.1,0.72,0.10666469092987343
275,0.1,0.73,0.10647174022962418
276,0.1,0.74,0.10614487679600948
277,0.1,0.75,0.10447325333590293
278,0.1,0.76,0.10441193008457851
279,0.1,0.77,0.1043416468664859
280,0.1,0.78,0.10425932482555633
281,0.1,0.79,0.1041599683702111
282,0.1,0.8,0.10403462222868934
283,0.1,0.81,0.10386464315349057
284,0.1,0.8200000000000001,0.10360092789973592
285,0.1,0.8300000000000001,0.10297981669821016
286,0.1,0.84,0.10189136863054406
287,0.1,0.85,0.10182518092144799
288,0.1,0.86,0.10174826464564217
289,0.1,0.87,0.10165645667716325
290,0.1,0.88,0.10154266502922511
291,0.1,0.89,0.10139282179148815
292,0.1,0.9,0.10117298139868959
293,0.1,0.91,0.1007524877438657
294,0.1,0.92,0.09940842758790543
295,0.1,0.93,0.09934482810446937
296,0.1,0.9400000000000001,0.09926628846489251
297,0.1,0.9500000000000001,0.09917697886313999
298,0.1,0.96,0.09908191853624815
299,0.1,0.97,0.09894745411032274
300,0.1,0.98,0.09875772456841762
301,0.1,0.99,0.09843966806826852
302,0.1,1.0,0.09698830537295566
303,0.15000000000000002,0.0,1.0
304,0.15000000000000002,0.01,0.973707470346678
305,0.15000000000000002,0.02,0.9019041035661669
306,0.15000000000000002,0.03,0.8098890400620947
307,0.15000000000000002,0.04,0.7071601860538316
308,0.15000000000000002,0.05,0.5970504498859182
309,0.15000000000000002,0.06,0.4811291349968714
310,0.15000000000000002,0.07,0.36030382031307373
311,0.15000000000000002,0.08,0.23516521824247935
312,0.15000000000000002,0.09,0.19250827463710096
313,0.15000000000000002,0.1,0.1924036806801749
314,0.15000000000000002,0.11,0.19228202268245853
315,0.15000000000000002,0.12,0.19213667618878502
316,0.15000000000000002,0.13,0.19195611499528034
317,0.15000000000000002,0.14,0.19171753086247148
318,0.15000000000000002,0.15,0.19136522877636938
319,0.15000000000000002,0.16,0.19067723026909522
320,0.15000000000000002,0.17,0.18718258604949398
321,0.15000000000000002,0.18,0.18708346918013044
322,0.15000000000000002,0.19,0.18696910326908062
323,0.15000000000000002,0.2,0.18683376152488856
324,0.15000000000000002,0.21,0.18666825501200715
325,0.15000000000000002,0.22,0.18645483764585813
326,0.15000000000000002,0.23,0.1861543042789563
327,0.15000000000000002,0.24,0.1856415529849041
328,0.15000000000000002,0.25,0.18237675985803084
329,0.15000000000000002,0.26,0.18228187958174757
330,0.15000000000000002,0.27,0.18217307655154819
331,0.15000000000000002,0.28,0.18204559763436953
332,0.15000000000000002,0.29,0.18189151862847155
333,0.15000000000000002,0.3,0.18169687923751018
334,0.15000000000000002,0.31,0.18143242193659898
335,0.15000000000000002,0.32,0.18101804724825443
336,0.15000000000000002,0.33,0.1800130368761328
337,0.15000000000000002,0.34,0.17789045722336577
338,0.15000000000000002,0.35000000000000003,0.17778759020780985
339,0.15000000000000002,0.36,0.1776679756904945
340,0.15000000000000002,0.37,0.17752519668412825
341,0.15000000000000002,0.38,0.1773479776534926
342,0.15000000000000002,0.39,0.17711418060804127
343,0.15000000000000002,0.4,0.1767700024051615
344,0.15000000000000002,0.41000000000000003,0.1761046750895326
345,0.15000000000000002,0.42,0.17367080936729531
346,0.15000000000000002,0.43,0.17357332599332945
347,0.15000000000000002,0.44,0.17346087566042112
348,0.15000000000000002,0.45,0.17332791419481586
349,0.15000000000000002,0.46,0.17316539611533688
350,0.15000000000000002,0.47000000000000003,0.172956176011462
351,0.15000000000000002,0.48,0.17266225134949084
352,0.15000000000000002,0.49,0.1721637956960221
353,0.15000000000000002,0.5,0.1696140061194826
354,0.15000000000000002,0.51,0.16952146034101584
355,0.15000000000000002,0.52,0.16941537576678356
356,0.15000000000000002,0.53,0.16929114971998113
357,0.15000000000000002,0.54,0.16914122470051698
358,0.15000000000000002,0.55,0.16895215375670872
359,0.15000000000000002,0.56,0.16869599204379174
360,0.15000000000000002,0.5700000000000001,0.16829707145695136
361,0.15000000000000002,0.58,0.16734556047208657
362,0.15000000000000002,0.59,0.16567305094780588
363,0.15000000000000002,0.6,0.16557189517400192
364,0.15000000000000002,0.61,0.16545433035269277
365,0.15000000000000002,0.62,0.16531410282142692
366,0.15000000000000002,0.63,0.16514013913045106
367,0.15000000000000002,0.64,0.16491113272669775
368,0.15000000000000002,0.65,0.16457496716003653
369,0.15000000000000002,0.66,0.16393137525731816
370,0.15000000000000002,0.67,0.16194801677683576
371,0.15000000000000002,0.68,0.1618521594474657
372,0.15000000000000002,0.6900000000000001,0.16174161523487227
373,0.15000000000000002,0.7000000000000001,0.16161101968433192
374,0.15000000000000002,0.71,0.1614514703016135
375,0.15000000000000002,0.72,0.1612464123949927
376,0.15000000000000002,0.73,0.16095891067132045
377,0.15000000000000002,0.74,0.16047439350439988
378,0.15000000000000002,0.75,0.15832691583096115
379,0.15000000000000002,0.76,0.15823591766470962
380,0.15000000000000002,0.77,0.1581316344235918
381,0.15000000000000002,0.78,0.15800955581164913
382,0.15000000000000002,0.79,0.1578623557116251
383,0.15000000000000002,0.8,0.1576769212941359
384,0.15000000000000002,0.81,0.15742616118972977
385,0.15000000000000002,0.8200000000000001,0.1570373399418374
386,0.15000000000000002,0.8300000000000001,0.1561266733907593
387,0.15000000000000002,0.84,0.15472193688660696
388,0.15000000000000002,0.85,0.15462248514379487
389,0.15000000000000002,0.86,0.15450699564280962
390,0.15000000000000002,0.87,0.15436925114687639
391,0.15000000000000002,0.88,0.15419990949349582
392,0.15000000000000002,0.89,0.1539778422996027
393,0.15000000000000002,0.9,0.15365341930684548
394,0.15000000000000002,0.91,0.15304090898270006
395,0.15000000000000002,0.92,0.15133089926727852
396,0.15000000000000002,0.93,0.15123657654836223
397,0.15000000000000002,0.9400000000000001,0.1511366728239591
398,0.15000000000000002,0.9500000000000001,0.15100736224623215
399,0.15000000000000002,0.96,0.15085001912481072
400,0.15000000000000002,0.97,0.15065180003540082
401,0.15000000000000002,0.98,0.1503721018240609
402,0.15000000000000002,0.99,0.14990292871873154
403,0.15000000000000002,1.0,0.14802796582890082
404,0.2,0.0,1.0
405,0.2,0.01,0.9767808322241198
406,0.2,0.02,0.9117175602464739
407,0.2,0.03,0.8270459148091187
408,0.2,0.04,0.7320860851591702
409,0.2,0.05,0.6300919810002695
410,0.2,0.06,0.5226426529541799
411,0.2,0.07,0.41062065361683503
412,0.2,0.08,0.29455268736229867
413,0.2,0.09,0.25493095597391163
414,0.2,0.1,0.25479110536810795
415,0.2,0.11,0.25462850333873865
416,0.2,0.12,0.25443405491204457
417,0.2,0.13,0.25419251765920997
418,0.2,0.14,0.2538732053042574
419,0.2,0.15,0.25340128280022434
420,0.2,0.16,0.25247758025105455
421,0.2,0.17,0.24824406309017402
422,0.2,0.18,0.24811135970143372
423,0.2,0.19,0.24795815797073872
424,0.2,0.2,0.24777692782302863
425,0.2,0.21,0.24755512706390465
426,0.2,0.22,0.24726921825520404
427,0.2,0.23,0.24686620726770464
428,0.2,0.24,0.24617774174130477
429,0.2,0.25,0.2422624586240619
430,0.2,0.26,0.2421362099771372
431,0.2,0.27,0.24199145402535385
432,0.2,0.28,0.24182183955137385
433,0.2,0.29,0.2416170029504048
434,0.2,0.3,0.24135830015864063
435,0.2,0.31,0.2410069474646444
436,0.2,0.32,0.24045715171386767
437,0.2,0.33,0.2391157546862936
438,0.2,0.34,0.23657048782038032
439,0.2,0.35000000000000003,0.23643348309509266
440,0.2,0.36,0.23627412829363895
441,0.2,0.37,0.2360839607923108
442,0.2,0.38,0.23584790637506092
443,0.2,0.39,0.23553683073614123
444,0.2,0.4,0.23507923806081507
445,0.2,0.41000000000000003,0.23419775658444356
446,0.2,0.42,0.23130577011528805
447,0.2,0.43,0.23117565868897644
448,0.2,0.44,0.2310256277771304
449,0.2,0.45,0.2308482372407539
450,0.2,0.46,0.2306314415453043
451,0.2,0.47000000000000003,0.23035248048915094
452,0.2,0.48,0.22996089721849386
453,0.2,0.49,0.2292984382980631
454,0.2,0.5,0.22628274786213992
455,0.2,0.51,0.2261590300428104
456,0.2,0.52,0.2260171579570925
457,0.2,0.53,0.22585111632749374
458,0.2,0.54,0.2256508121614245
459,0.2,0.55,0.2253982443904745
460,0.2,0.56,0.22505635174711613
461,0.2,0.5700000000000001,0.22452483170902657
462,0.2,0.58,0.22326735599504002
463,0.2,0.59,0.2213452249975347
464,0.2,0.6,0.2212109423357471
465,0.2,0.61,0.22105491357950727
466,0.2,0.62,0.22086888474172475
467,0.2,0.63,0.22063835991284983
468,0.2,0.64,0.22033518224844914
469,0.2,0.65,0.21989157394081932
470,0.2,0.66,0.2190496974266024
471,0.2,0.67,0.21670717623752364
472,0.2,0.68,0.21657963981505948
473,0.2,0.6900000000000001,0.21643265291571773
474,0.2,0.7000000000000001,0.2162591005860537
475,0.2,0.71,0.21604720782424838
476,0.2,0.72,0.2157751829611313
477,0.2,0.73,0.2153947360475226
478,0.2,0.74,0.21475704871470233
479,0.2,0.75,0.21222477684710223
480,0.2,0.76,0.21210349796076086
481,0.2,0.77,0.2119645849940448
482,0.2,0.78,0.2118020866398809
483,0.2,0.79,0.2116061629375035
484,0.2,0.8,0.21135968454573714
485,0.2,0.81,0.21102697275920973
486,0.2,0.8200000000000001,0.21051314127849197
487,0.2,0.8300000000000001,0.2093312407341122
488,0.2,0.84,0.20776720340468627
489,0.2,0.85,0.20763561246961829
490,0.2,0.86,0.20748289509565515
491,0.2,0.87,0.20730091000482956
492,0.2,0.88,0.20707580228977052
493,0.2,0.89,0.20678049897543294
494,0.2,0.9,0.20635030606931934
495,0.2,0.91,0.20554572308529587
496,0.2,0.92,0.20355675913941434
497,0.2,0.93,0.20343144283366715
498,0.2,0.9400000000000001,0.20328392949391322
499,0.2,0.9500000000000001,0.20311871552810037
500,0.2,0.96,0.20291001833856104
501,0.2,0.97,0.20264670673808044
502,0.2,0.98,0.20227615278817782
503,0.2,0.99,0.20166374686814081
504,0.2,1.0,0.1994645518207888
505,0.25,0.0,1.0
506,0.25,0.01,0.9796717956117043
507,0.25,0.02,0.9212527350016037
508,0.25,0.03,0.8438690550338546
509,0.25,0.04,0.7565667962979028
510,0.25,0.05,0.662601716934455
511,0.25,0.06,0.5635130279393196
512,0.25,0.07,0.4601351792874257
513,0.25,0.08,0.3530221881006202
514,0.25,0.09,0.3164912525397169
515,0.25,0.1,0.3163170929906207
516,0.25,0.11,0.3161145227846175
517,0.25,0.12,0.31587248292504594
518,0.25,0.13,0.3155717412485604
519,0.25,0.14,0.31517453679793894
520,0.25,0.15,0.3145877171028908
521,0.25,0.16,0.3134429407795233
522,0.25,0.17,0.30853341194706707
523,0.25,0.18,0.3083679167684793
524,0.25,0.19,0.30817692652335654
525,0.25,0.2,0.3079510913325063
526,0.25,0.21,0.30767472377506505
527,0.25,0.22,0.30731850939169714
528,0.25,0.23,0.30681690519723337
529,0.25,0.24,0.3059617666971876
530,0.25,0.25,0.30138873478792
531,0.25,0.26,0.30123129942540783
532,0.25,0.27,0.301050672124077
533,0.25,0.28,0.3008390745753568
534,0.25,0.29,0.3005835148780664
535,0.25,0.3,0.3002610064952262
536,0.25,0.31,0.2998231762716779
537,0.25,0.32,0.2991391807533502
538,0.25,0.33,0.29748344348725897
539,0.25,0.34,0.29461178716336006
540,0.25,0.35000000000000003,0.29444065805918357
541,0.25,0.36,0.29424168909125525
542,0.25,0.37,0.294005421621688
543,0.25,0.38,0.29371289436270154
544,0.25,0.39,0.2933277578276728
545,0.25,0.4,0.2927630762278411
546,0.25,0.41000000000000003,0.29168548633041735
547,0.25,0.42,0.28840916639809805
548,0.25,0.43,0.288247390664346
549,0.25,0.44,0.2880608941802842
550,0.25,0.45,0.28784063535651894
551,0.25,0.46,0.2875715542626094
552,0.25,0.47000000000000003,0.2872258508954288
553,0.25,0.48,0.2867416353821508
554,0.25,0.49,0.28592729256747446
555,0.25,0.5,0.28249883241085244
556,0.25,0.51,0.2823448688896124
557,0.25,0.52,0.2821684387397982
558,0.25,0.53,0.28196201074852006
559,0.25,0.54,0.28171313483250676
560,0.25,0.55,0.28139962911399957
561,0.25,0.56,0.28097611454429255
562,0.25,0.5700000000000001,0.28032046423079565
563,0.25,0.58,0.2787987591382094
564,0.25,0.59,0.27668611535218246
565,0.25,0.6,0.276518864940563
566,0.25,0.61,0.27632470248964774
567,0.25,0.62,0.2760932124091511
568,0.25,0.63,0.2758067176559496
569,0.25,0.64,0.2754305967871447
570,0.25,0.65,0.2748818415094112
571,0.25,0.66,0.2738508338889716
572,0.25,0.67,0.27123864070521037
573,0.25,0.68,0.2710797015127102
574,0.25,0.6900000000000001,0.27089654585905787
575,0.25,0.7000000000000001,0.2706803197211196
576,0.25,0.71,0.27041675243290264
577,0.25,0.72,0.27007866634879557
578,0.25,0.73,0.2696071102946423
579,0.25,0.74,0.2688217011916354
580,0.25,0.75,0.26597739342536814
581,0.25,0.76,0.26582599477243607
582,0.25,0.77,0.26565270591042583
583,0.25,0.78,0.26545003422604363
584,0.25,0.79,0.26520600711107195
585,0.25,0.8,0.26489933185955417
586,0.25,0.81,0.2644863132035802
587,0.25,0.8200000000000001,0.26385757942412186
588,0.25,0.8300000000000001,0.2624520011655719
589,0.25,0.84,0.26075265432322287
590,0.25,0.85,0.2605891819738753
591,0.25,0.86,0.26039969553577
592,0.25,0.87,0.26017417590280356
593,0.25,0.88,0.2598956135288809
594,0.25,0.89,0.2595311112998478
595,0.25,0.9,0.2590027771242551
596,0.25,0.91,0.2580294688968506
597,0.25,0.92,0.2558336275929743
598,0.25,0.93,0.25567887886701457
599,0.25,0.9400000000000001,0.2554983096314317
600,0.25,0.9500000000000001,0.25529120554272894
601,0.25,0.96,0.25503541957054504
602,0.25,0.97,0.2547056714731667
603,0.25,0.98,0.25425105825144617
604,0.25,0.99,0.25350283435569165
605,0.25,1.0,0.25105674169538383
606,0.30000000000000004,0.0,1.0
607,0.30000000000000004,0.01,0.9823586211562905
608,0.30000000000000004,0.02,0.9304634128761684
609,0.30000000000000004,0.03,0.8602926568218681
610,0.30000000000000004,0.04,0.7805771069602951
611,0.30000000000000004,0.05,0.6945490328394964
612,0.30000000000000004,0.06,0.6036995930970217
613,0.30000000000000004,0.07,0.5088312138639091
614,0.30000000000000004,0.08,0.41062065361683514
615,0.30000000000000004,0.09,0.377031848551259
616,0.30000000000000004,0.1,0.3768223272696134
617,0.30000000000000004,0.11,0.3765786420434708
618,0.30000000000000004,0.12,0.3762873200606189
619,0.30000000000000004,0.13,0.3759252917144563
620,0.30000000000000004,0.14,0.3754468118447567
621,0.30000000000000004,0.15,0.3747395008717431
622,0.30000000000000004,0.16,0.37335606381309305
623,0.30000000000000004,0.17,0.36786802919452577
624,0.30000000000000004,0.18,0.36766982761003386
625,0.30000000000000004,0.19,0.3674411726202533
626,0.30000000000000004,0.2,0.3671707646414728
627,0.30000000000000004,0.21,0.3668399381334613
628,0.30000000000000004,0.22,0.3664138236683461
629,0.30000000000000004,0.23,0.3658143104391763
630,0.30000000000000004,0.24,0.3647945745142955
631,0.30000000000000004,0.25,0.35970740265535645
632,0.30000000000000004,0.26,0.35951873825213343
633,0.30000000000000004,0.27,0.35930233968948877
634,0.30000000000000004,0.28,0.3590489003785229
635,0.30000000000000004,0.29,0.35874281658674423
636,0.30000000000000004,0.3,0.35835676697209873
637,0.30000000000000004,0.31,0.357833007747569
638,0.30000000000000004,0.32,0.357016247146002
639,0.30000000000000004,0.33,0.3550621687422997
640,0.30000000000000004,0.34,0.35199241600979086
641,0.30000000000000004,0.35000000000000003,0.3517882594252835
642,0.30000000000000004,0.36,0.35155110576790666
643,0.30000000000000004,0.37,0.35126825921453897
644,0.30000000000000004,0.38,0.3509175987320634
645,0.30000000000000004,0.39,0.3504564369836711
646,0.30000000000000004,0.4,0.3497812382850431
647,0.30000000000000004,0.41000000000000003,0.3484987388918587
648,0.30000000000000004,0.42,0.34492209236139354
649,0.30000000000000004,0.43,0.3447279410585896
650,0.30000000000000004,0.44,0.3445041419291301
651,0.30000000000000004,0.45,0.3442398407786134
652,0.30000000000000004,0.46,0.3439171881699059
653,0.30000000000000004,0.47000000000000003,0.34350284506697043
654,0.30000000000000004,0.48,0.3429231741879727
655,0.30000000000000004,0.49,0.34195140327795787
656,0.30000000000000004,0.5,0.3381873355065811
657,0.30000000000000004,0.51,0.33800326705966405
658,0.30000000000000004,0.52,0.3377925565532201
659,0.30000000000000004,0.53,0.337546025366953
660,0.30000000000000004,0.54,0.33724916876139677
661,0.30000000000000004,0.55,0.3368756683570231
662,0.30000000000000004,0.56,0.3363720924417181
663,0.30000000000000004,0.5700000000000001,0.3355962882521975
664,0.30000000000000004,0.58,0.33383250620916016
665,0.30000000000000004,0.59,0.3316034288334888
666,0.30000000000000004,0.6,0.331403502539214
667,0.30000000000000004,0.61,0.33117139565702985
668,0.30000000000000004,0.62,0.33089506117073464
669,0.30000000000000004,0.63,0.33055341891769496
670,0.30000000000000004,0.64,0.33010567998818074
671,0.30000000000000004,0.65,0.3294546728868623
672,0.30000000000000004,0.66,0.32824484793380065
673,0.30000000000000004,0.67,0.32543435814453064
674,0.30000000000000004,0.68,0.32524422029917055
675,0.30000000000000004,0.6900000000000001,0.3250251392742902
676,0.30000000000000004,0.7000000000000001,0.32476684802108835
677,0.30000000000000004,0.71,0.324452107921984
678,0.30000000000000004,0.72,0.3240492138384488
679,0.30000000000000004,0.73,0.32348964848619505
680,0.30000000000000004,0.74,0.3225733832718349
681,0.30000000000000004,0.75,0.3195042062960079
682,0.30000000000000004,0.76,0.31932383300948813
683,0.30000000000000004,0.77,0.3191175502295347
684,0.30000000000000004,0.78,0.3188766116790767
685,0.30000000000000004,0.79,0.31858671355845053
686,0.30000000000000004,0.8,0.3182231388726432
687,0.30000000000000004,0.81,0.31773503759099436
688,0.30000000000000004,0.8200000000000001,0.31699012583809844
689,0.30000000000000004,0.8300000000000001,0.31535904727021336
690,0.30000000000000004,0.84,0.3135940698248143
691,0.30000000000000004,0.85,0.31339823758577295
692,0.30000000000000004,0.86,0.31317136602752255
693,0.30000000000000004,0.87,0.3129014226564428
694,0.30000000000000004,0.88,0.31256841084211745
695,0.30000000000000004,0.89,0.3121336107374027
696,0.30000000000000004,0.9,0.3115059092788331
697,0.30000000000000004,0.91,0.31037305034995266
698,0.30000000000000004,0.92,0.30804539476807424
699,0.30000000000000004,0.93,0.3078605252043615
700,0.30000000000000004,0.9400000000000001,0.30764886706785155
701,0.30000000000000004,0.9500000000000001,0.3073974564700959
702,0.30000000000000004,0.96,0.3070925175670693
703,0.30000000000000004,0.97,0.3067019961305167
704,0.30000000000000004,0.98,0.3061639172220594
705,0.30000000000000004,0.99,0.30528736707946397
706,0.30000000000000004,1.0,0.30266281054167465
707,0.35000000000000003,0.0,1.0
708,0.35000000000000003,0.01,0.9848353325558294
709,0.35000000000000003,0.02,0.9393530799224574
710,0.35000000000000003,0.03,0.8762875359817683
711,0.35000000000000003,0.04,0.8040779766965159
712,0.35000000000000003,0.05,0.7258886262013776
713,0.35000000000000003,0.06,0.6431537426635414
714,0.35000000000000003,0.07,0.5567404894290824
715,0.35000000000000003,0.08,0.4671087515456735
716,0.35000000000000003,0.09,0.4364893253725842
717,0.35000000000000003,0.1,0.43624552005848566
718,0.35000000000000003,0.11,0.4359619854875262
719,0.35000000000000003,0.12,0.43562307562299757
720,0.35000000000000003,0.13,0.4352020011627006
721,0.35000000000000003,0.14,0.4346457812951751
722,0.35000000000000003,0.15,0.43382454063378895
723,0.35000000000000003,0.16,0.4322240847159009
724,0.35000000000000003,0.17,0.4262309587623436
725,0.35000000000000003,0.18,0.4260001753242651
726,0.35000000000000003,0.19,0.42573387537157437
727,0.35000000000000003,0.2,0.42541908111355964
728,0.35000000000000003,0.21,0.42503418564002143
729,0.35000000000000003,0.22,0.42453849134360594
730,0.35000000000000003,0.23,0.42384183814679616
731,0.35000000000000003,0.24,0.42266014826699744
732,0.35000000000000003,0.25,0.41716206950238444
733,0.35000000000000003,0.26,0.41694218537724104
734,0.35000000000000003,0.27,0.41669016436287504
735,0.35000000000000003,0.28,0.4163949922157152
736,0.35000000000000003,0.29,0.41603872785392043
737,0.35000000000000003,0.3,0.4155893910609401
738,0.35000000000000003,0.31,0.4149804631732294
739,0.35000000000000003,0.32,0.4140327094129942
740,0.35000000000000003,0.33,0.4118118304624778
741,0.35000000000000003,0.34,0.40859225995720977
742,0.35000000000000003,0.35000000000000003,0.4083542630711889
743,0.35000000000000003,0.36,0.408077819456421
744,0.35000000000000003,0.37,0.4077482132565456
745,0.35000000000000003,0.38,0.407339896801456
746,0.35000000000000003,0.39,0.4068033157052159
747,0.35000000000000003,0.4,0.40601891165607484
748,0.35000000000000003,0.41000000000000003,0.40453745263765944
749,0.35000000000000003,0.42,0.4007405220440773
750,0.35000000000000003,0.43,0.4005151933569782
751,0.35000000000000003,0.44,0.4002554753928328
752,0.35000000000000003,0.45,0.3999490529372473
753,0.35000000000000003,0.46,0.3995753096912931
754,0.35000000000000003,0.47000000000000003,0.3990961767551444
755,0.35000000000000003,0.48,0.39842772897448264
756,0.35000000000000003,0.49,0.39731540729802917
757,0.35000000000000003,0.5,0.39331253997556587
758,0.35000000000000003,0.51,0.39309773699891165
759,0.35000000000000003,0.52,0.3928517238105982
760,0.35000000000000003,0.53,0.39256414641064824
761,0.35000000000000003,0.54,0.39221788494833837
762,0.35000000000000003,0.55,0.3917827601351996
763,0.35000000000000003,0.56,0.39119678098094224
764,0.35000000000000003,0.5700000000000001,0.39029641145290445
765,0.35000000000000003,0.58,0.38831354421530445
766,0.35000000000000003,0.59,0.3860230062465407
767,0.35000000000000003,0.6,0.38579062759425725
768,0.35000000000000003,0.61,0.38552128344319037
769,0.35000000000000003,0.62,0.38520059763231285
770,0.35000000000000003,0.63,0.3848046610010714
771,0.35000000000000003,0.64,0.3842868401482784
772,0.35000000000000003,0.65,0.3835371327762303
773,0.35000000000000003,0.66,0.3821606000678309
774,0.35000000000000003,0.67,0.3792269835637112
775,0.35000000000000003,0.68,0.37900695507423954
776,0.35000000000000003,0.6900000000000001,0.3787537921282203
777,0.35000000000000003,0.7000000000000001,0.37845548999039297
778,0.35000000000000003,0.71,0.37809258260836215
779,0.35000000000000003,0.72,0.37762937165320704
780,0.35000000000000003,0.73,0.37698776108630805
781,0.35000000000000003,0.74,0.37593864307562325
782,0.35000000000000003,0.75,0.37269726158503913
783,0.35000000000000003,0.76,0.37248741130311164
784,0.35000000000000003,0.77,0.3722475760005579
785,0.35000000000000003,0.78,0.3719674644274697
786,0.35000000000000003,0.79,0.3716309565297115
787,0.35000000000000003,0.8,0.3712094582675316
788,0.35000000000000003,0.81,0.3706453045991285
789,0.35000000000000003,0.8200000000000001,0.3697915902421758
790,0.35000000000000003,0.8300000000000001,0.3679928315759075
791,0.35000000000000003,0.84,0.36619314155689875
792,0.35000000000000003,0.85,0.3659664384918463
793,0.35000000000000003,0.86,0.36570379754849497
794,0.35000000000000003,0.87,0.36539201236366675
795,0.35000000000000003,0.88,0.3650080886663105
796,0.35000000000000003,0.89,0.3645082226469343
797,0.35000000000000003,0.9,0.36379121383388524
798,0.35000000000000003,0.91,0.36250777878941726
799,0.35000000000000003,0.92,0.360100421398131
800,0.35000000000000003,0.93,0.3598850016541138
801,0.35000000000000003,0.9400000000000001,0.3596352721458232
802,0.35000000000000003,0.9500000000000001,0.35934698801282766
803,0.35000000000000003,0.96,0.3589920004402462
804,0.35000000000000003,0.97,0.35854200123947777
805,0.35000000000000003,0.98,0.35792700953806444
806,0.35000000000000003,0.99,0.3569346577417401
807,0.35000000000000003,1.0,0.354192862788042
808,0.4,0.0,1.0
809,0.4,0.01,0.9870863370892957
810,0.4,0.02,0.9478471275735317
811,0.4,0.03,0.8918373144048548
812,0.4,0.04,0.8270459148091187
813,0.4,0.05,0.7565667962979028
814,0.4,0.06,0.6818178857753026
815,0.4,0.07,0.6036995930970215
816,0.4,0.08,0.5226426529541799
817,0.4,0.09,0.4948698781653743
818,0.4,0.1,0.494590639719609
819,0.4,0.11,0.49426567757492107
820,0.4,0.12,0.49387724728719395
821,0.4,0.13,0.4933945438265821
822,0.4,0.14,0.49275662146117755
823,0.4,0.15,0.49181349332558966
824,0.4,0.16,0.4899710814208433
825,0.4,0.17,0.4836063464228344
826,0.4,0.18,0.48334195416312964
827,0.4,0.19,0.48303673671281655
828,0.4,0.2,0.4826758393432645
829,0.4,0.21,0.4822344996462714
830,0.4,0.22,0.481665973668102
831,0.4,0.23,0.48086657823171786
832,0.4,0.24,0.4795120703971146
833,0.4,0.25,0.4736923480953558
834,0.4,0.26,0.4734414463471686
835,0.4,0.27,0.4731538080622959
836,0.4,0.28,0.4728171748166653
837,0.4,0.29,0.472410779392005
838,0.4,0.3,0.471898716198179
839,0.4,0.31,0.4712055953788598
840,0.4,0.32,0.4701311615147733
841,0.4,0.33,0.4676617227685729
842,0.4,0.34,0.4643472523735155
843,0.4,0.35000000000000003,0.4640754517500249
844,0.4,0.36,0.4637599662537884
845,0.4,0.37,0.4633839297988294
846,0.4,0.38,0.4629183762917491
847,0.4,0.39,0.4623071480142544
848,0.4,0.4,0.4614154415591991
849,0.4,0.41000000000000003,0.4597595558991422
850,0.4,0.42,0.45583705660655693
851,0.4,0.43,0.45557954044166216
852,0.4,0.44,0.4552830231394393
853,0.4,0.45,0.4549333208729863
854,0.4,0.46,0.4545069678218431
855,0.4,0.47000000000000003,0.4539607821097623
856,0.4,0.48,0.45320030085760854
857,0.4,0.49,0.45194041400376356
858,0.4,0.5,0.4477868767797133
859,0.4,0.51,0.44754247546759446
860,0.4,0.52,0.4472630091006399
861,0.4,0.53,0.4469361739157402
862,0.4,0.54,0.4465432709992458
863,0.4,0.55,0.4460502054751217
864,0.4,0.56,0.4453879070094925
865,0.4,0.5700000000000001,0.44437664730165943
866,0.4,0.58,0.44219038447095516
867,0.4,0.59,0.43988473951586754
868,0.4,0.6,0.43962049501359696
869,0.4,0.61,0.4393142410433202
870,0.4,0.62,0.4389501002835703
871,0.4,0.63,0.43850093187089084
872,0.4,0.64,0.43791504842831325
873,0.4,0.65,0.43707076241843784
874,0.4,0.66,0.43554131714898114
875,0.4,0.67,0.43255288675551307
876,0.4,0.68,0.43230245509924836
877,0.4,0.6900000000000001,0.43201430429630755
878,0.4,0.7000000000000001,0.43167529452658604
879,0.4,0.71,0.4312634552078022
880,0.4,0.72,0.4307386744311538
881,0.4,0.73,0.43001461740126024
882,0.4,0.74,0.4288414087712702
883,0.4,0.75,0.4255035318940583
884,0.4,0.76,0.42526565276611955
885,0.4,0.77,0.42499378898097906
886,0.4,0.78,0.42467688347849436
887,0.4,0.79,0.42429684590392525
888,0.4,0.8,0.42382197461652626
889,0.4,0.81,0.4231889550013183
890,0.4,0.8200000000000001,0.42223691027400667
891,0.4,0.8300000000000001,0.4202774315589308
892,0.4,0.84,0.4184810126915315
893,0.4,0.85,0.4182238199742779
894,0.4,0.86,0.41792646840050046
895,0.4,0.87,0.41757387281013036
896,0.4,0.88,0.41714062678584124
897,0.4,0.89,0.41657885870134986
898,0.4,0.9,0.41577841563335366
899,0.4,0.91,0.4143729858434868
900,0.4,0.92,0.4119222194708943
901,0.4,0.93,0.4116806855689152
902,0.4,0.9400000000000001,0.41140456063168307
903,0.4,0.9500000000000001,0.41107474094037644
904,0.4,0.96,0.41067562503875554
905,0.4,0.97,0.4101685099595621
906,0.4,0.98,0.40947845557816553
907,0.4,0.99,0.4083819823243557
908,0.4,1.0,0.40557783412163484
909,0.45,0.0,1.0
910,0.45,0.01,0.9891053115602151
911,0.45,0.02,0.955901463181084
912,0.45,0.03,0.9068496998739869
913,0.45,0.04,0.8493834445423172
914,0.45,0.05,0.7865176569169053
915,0.45,0.06,0.7196567000351759
916,0.45,0.07,0.6496308822808236
917,0.45,0.08,0.5769581462087578
918,0.45,0.09,0.5520208226972426
919,0.45,0.1,0.5517071880083766
920,0.45,0.11,0.5513423790626676
921,0.45,0.12,0.5509066280286744
922,0.45,0.13,0.5503650445998391
923,0.45,0.14,0.5496498028024442
924,0.45,0.15,0.5485941074021288
925,0.45,0.16,0.5465411022064963
926,0.45,0.17,0.539900640026974
927,0.45,0.18,0.5396035487850248
928,0.45,0.19,0.5392610150118037
929,0.45,0.2,0.5388558970272792
930,0.45,0.21,0.5383606833193069
931,0.45,0.22,0.5377233013688051
932,0.45,0.23,0.5368280996330913
933,0.45,0.24,0.5353134373592091
934,0.45,0.25,0.5292295920270752
935,0.45,0.26,0.528947600684898
936,0.45,0.27,0.5286255358946764
937,0.45,0.28,0.5282493657661498
938,0.45,0.29,0.5277959575435532
939,0.45,0.3,0.5272253291184755
940,0.45,0.31,0.5264549484144891
941,0.45,0.32,0.5252656873302031
942,0.45,0.33,0.5225469923926616
943,0.45,0.34,0.5192189074718843
944,0.45,0.35000000000000003,0.5189150777553098
945,0.45,0.36,0.5185624801405673
946,0.45,0.37,0.5181426315596124
947,0.45,0.38,0.5176235524627016
948,0.45,0.39,0.5169437061764189
949,0.45,0.4,0.515956348229654
950,0.45,0.41000000000000003,0.5141295094256829
951,0.45,0.42,0.5101301213762834
952,0.45,0.43,0.5098422909540088
953,0.45,0.44,0.5095106401328752
954,0.45,0.45,0.509119894608874
955,0.45,0.46,0.5086442487131996
956,0.45,0.47000000000000003,0.5080362346233157
957,0.45,0.48,0.5071929819730645
958,0.45,0.49,0.5058084471958343
959,0.45,0.5,0.5015501983972169
960,0.45,0.51,0.5012768166371128
961,0.45,0.52,0.5009640360698413
962,0.45,0.53,0.5005988077498873
963,0.45,0.54,0.5001601467377887
964,0.45,0.55,0.49961085521656123
965,0.45,0.56,0.4988754305036012
966,0.45,0.5700000000000001,0.497759776063658
967,0.45,0.58,0.49541008212182225
968,0.45,0.59,0.4931300241127485
969,0.45,0.6,0.4928341068474155
970,0.45,0.61,0.49249173111355926
971,0.45,0.62,0.4920848696687326
972,0.45,0.63,0.4915841891690503
973,0.45,0.64,0.49093271679634193
974,0.45,0.65,0.48999896905011453
975,0.45,0.66,0.48834974444754575
976,0.45,0.67,0.4853426335840851
977,0.45,0.68,0.48506200194751675
978,0.45,0.6900000000000001,0.4847396816726224
979,0.45,0.7000000000000001,0.4843607793047509
980,0.45,0.71,0.48390122487308096
981,0.45,0.72,0.48331704725858926
982,0.45,0.73,0.4825147239299263
983,0.45,0.74,0.481242892241962
984,0.45,0.75,0.47786662904116656
985,0.45,0.76,0.47760001344852016
986,0.45,0.77,0.47729579353651586
987,0.45,0.78,0.4769414545818929
988,0.45,0.79,0.4765169015712693
989,0.45,0.8,0.47598853306360334
990,0.45,0.81,0.47529104325236293
991,0.45,0.8200000000000001,0.474252790302858
992,0.45,0.8300000000000001,0.47217832124778597
993,0.45,0.84,0.47041280676458647
994,0.45,0.85,0.47012558208455746
995,0.45,0.86,0.46979433689895217
996,0.45,0.87,0.4694023429585638
997,0.45,0.88,0.4689221443887469
998,0.45,0.89,0.46830187263407375
999,0.45,0.9,0.4674251881954791
1000,0.45,0.91,0.46591770781239666
1001,0.45,0.92,0.46348095788460303
1002,0.45,0.93,0.46320542350587424
1003,0.45,0.9400000000000001,0.46289842822368626
1004,0.45,0.9500000000000001,0.46252776343341784
1005,0.45,0.96,0.46208696580784187
1006,0.45,0.97,0.46153038055701995
1007,0.45,0.98,0.4607706313213833
1008,0.45,0.99,0.4595856037241111
1009,0.45,1.0,0.4567699016749421
1010,0.5,0.0,1.0
1011,0.5,0.01,0.9908905725418502
1012,0.5,0.02,0.9634632379942255
1013,0.5,0.03,0.9212527350016037
1014,0.5,0.04,0.8710158720326223
1015,0.5,0.05,0.8156561987383135
1016,0.5,0.06,0.7565667962979028
1017,0.5,0.07,0.6945490328394964
1018,0.5,0.08,0.6300919810002695
1019,0.5,0.09,0.6079023942623711
1020,0.5,0.1,0.6075530479032245
1021,0.5,0.11,0.6071467511059067
1022,0.5,0.12,0.6066610522179291
1023,0.5,0.13,0.6060574539271836
1024,0.5,0.14,0.6052596235229584
1025,0.5,0.15,0.6040806478366733
1026,0.5,0.16,0.6017823534253723
1027,0.5,0.17,0.5950068953575963
1028,0.5,0.18,0.5946775309082284
1029,0.5,0.19,0.5942975200167174
1030,0.5,0.2,0.5938487602369952
1031,0.5,0.21,0.5933001164165373
1032,0.5,0.22,0.5925944702905919
1033,0.5,0.23,0.5916051400677761
1034,0.5,0.24,0.5899381433287386
1035,0.5,0.25,0.5837131528081716
1036,0.5,0.26,0.5834017611009992
1037,0.5,0.27,0.5830453721320622
1038,0.5,0.28,0.5826284867339802
1039,0.5,0.29,0.5821260669362195
1040,0.5,0.3,0.5814945195970771
1041,0.5,0.31,0.5806433067040001
1042,0.5,0.32,0.5793340236029735
1043,0.5,0.33,0.5763888838929799
1044,0.5,0.34,0.5731270909750333
1045,0.5,0.35000000000000003,0.5727900765925218
1046,0.5,0.36,0.5723992834226153
1047,0.5,0.37,0.5719341772890492
1048,0.5,0.38,0.5713595520447484
1049,0.5,0.39,0.570608185777392
1050,0.5,0.4,0.5695202798494327
1051,0.5,0.41000000000000003,0.5675407998447236
1052,0.5,0.42,0.5635465506205526
1053,0.5,0.43,0.5632286084081485
1054,0.5,0.44,0.5628625846501643
1055,0.5,0.45,0.5624320022785597
1056,0.5,0.46,0.5619083704381161
1057,0.5,0.47000000000000003,0.5612408230623571
1058,0.5,0.48,0.5603190062319836
1059,0.5,0.49,0.5588219210947046
1060,0.5,0.5,0.5545441107202899
1061,0.5,0.51,0.5542420039579269
1062,0.5,0.52,0.5538967930393732
1063,0.5,0.53,0.553494128703533
1064,0.5,0.54,0.5530110085981469
1065,0.5,0.55,0.5524073672709195
1066,0.5,0.56,0.5516023044281297
1067,0.5,0.5700000000000001,0.5503909239897526
1068,0.5,0.58,0.5479200659672662
1069,0.5,0.59,0.5457015176057229
1070,0.5,0.6,0.5453748522464922
1071,0.5,0.61,0.5449969773595328
1072,0.5,0.62,0.5445490003460217
1073,0.5,0.63,0.5439983843067123
1074,0.5,0.64,0.5432858465362914
1075,0.5,0.65,0.5422783433160898
1076,0.5,0.66,0.5405216799277737
1077,0.5,0.67,0.5375520378302013
1078,0.5,0.68,0.5372435479451273
1079,0.5,0.6900000000000001,0.5368895069259246
1080,0.5,0.7000000000000001,0.5364741317468332
1081,0.5,0.71,0.535971205910954
1082,0.5,0.72,0.5353346925353911
1083,0.5,0.73,0.5344662345716731
1084,0.5,0.74,0.5330949902975325
1085,0.5,0.75,0.5297460600708019
1086,0.5,0.76,0.5294528103552162
1087,0.5,0.77,0.5291183909759912
1088,0.5,0.78,0.528729525836056
1089,0.5,0.79,0.5282648194570508
1090,0.5,0.8,0.5276875228308403
1091,0.5,0.81,0.5269249570504536
1092,0.5,0.8200000000000001,0.5258011145137306
1093,0.5,0.8300000000000001,0.5236588611832583
1094,0.5,0.84,0.5219519923689708
1095,0.5,0.85,0.5216354369009364
1096,0.5,0.86,0.5212699469372413
1097,0.5,0.87,0.5208382988481615
1098,0.5,0.88,0.5203105114579146
1099,0.5,0.89,0.5196359683310566
1100,0.5,0.9,0.5186916294826273
1101,0.5,0.91,0.5171046819590337
1102,0.5,0.92,0.5147211833617882
1103,0.5,0.93,0.5144183855857144
1104,0.5,0.9400000000000001,0.5140767622035243
1105,0.5,0.9500000000000001,0.5136752956034676
1106,0.5,0.96,0.513193790153312
1107,0.5,0.97,0.5125863344940516
1108,0.5,0.98,0.5117647531082304
1109,0.5,0.99,0.5105054024405199
1110,0.5,1.0,0.5077304590089902
1111,0.55,0.0,1.0
1112,0.55,0.01,0.9924580876155965
1113,0.55,0.02,0.9704568211953847
1114,0.55,0.03,0.9349596210893548
1115,0.55,0.04,0.8918373144048548
1116,0.55,0.05,0.8438690550338546
1117,0.55,0.06,0.7924165422663229
1118,0.55,0.07,0.7382428322796601
1119,0.55,0.08,0.6818178857753026
1120,0.55,0.09,0.6623729915763124
1121,0.55,0.1,0.6619897414530426
1122,0.55,0.11,0.6615436217741228
1123,0.55,0.12,0.6610106644371525
1124,0.55,0.13,0.6603486606510951
1125,0.55,0.14,0.6594742826333521
1126,0.55,0.15,0.6581845123106678
1127,0.55,0.16,0.6556865724214238
1128,0.55,0.17,0.6488203943720877
1129,0.55,0.18,0.6484588571398229
1130,0.55,0.19,0.6480419702476583
1131,0.55,0.2,0.6475495836770483
1132,0.55,0.21,0.6469481254451983
1133,0.55,0.22,0.6461754903681549
1134,0.55,0.23,0.645094230401771
1135,0.55,0.24,0.6432815649287271
1136,0.55,0.25,0.6370262144672607
1137,0.55,0.26,0.6366845207800297
1138,0.55,0.27,0.6362932122928243
1139,0.55,0.28,0.6358361147300038
1140,0.55,0.29,0.6352855724171352
1141,0.55,0.3,0.6345941876514354
1142,0.55,0.31,0.6336643214555028
1143,0.55,0.32,0.6322402512471529
1144,0.55,0.33,0.6291347777496441
1145,0.55,0.34,0.6259687271588965
1146,0.55,0.35000000000000003,0.6256007722595791
1147,0.55,0.36,0.6251743079925661
1148,0.55,0.37,0.6246672629123967
1149,0.55,0.38,0.6240424874025085
1150,0.55,0.39,0.6232276139385148
1151,0.55,0.4,0.622055656199929
1152,0.55,0.41000000000000003,0.6199456452245709
1153,0.55,0.42,0.6160328449019467
1154,0.55,0.43,0.6156839009067957
1155,0.55,0.44,0.615282712260889
1156,0.55,0.45,0.614810948245125
1157,0.55,0.46,0.6142379159642513
1158,0.55,0.47000000000000003,0.6135085647194052
1159,0.55,0.48,0.6125121497037629
1160,0.55,0.49,0.6109172117826616
1161,0.55,0.5,0.6066994945440823
1162,0.55,0.51,0.6063694176478466
1163,0.55,0.52,0.6059924707809687
1164,0.55,0.53,0.6055535886540726
1165,0.55,0.54,0.6050277879951015
1166,0.55,0.55,0.6043725933320054
1167,0.55,0.56,0.6035027915828268
1168,0.55,0.5700000000000001,0.6022060582142723
1169,0.55,0.58,0.5996575774645487
1170,0.55,0.59,0.597537524940523
1171,0.55,0.6,0.5971825433393863
1172,0.55,0.61,0.5967724931405461
1173,0.55,0.62,0.596287235494062
1174,0.55,0.63,0.5956929056817644
1175,0.55,0.64,0.5949262531730467
1176,0.55,0.65,0.5938449009039194
1177,0.55,0.66,0.5919959396025719
1178,0.55,0.67,0.5891313415712264
1179,0.55,0.68,0.5887944374417968
1180,0.55,0.6900000000000001,0.5884082072629857
1181,0.55,0.7000000000000001,0.5879557439324941
1182,0.55,0.71,0.587409371560303
1183,0.55,0.72,0.586720034549399
1184,0.55,0.73,0.5857883136609267
1185,0.55,0.74,0.5843511811708282
1186,0.55,0.75,0.5810793750983059
1187,0.55,0.76,0.580760378866682
1188,0.55,0.77,0.5803971821165883
1189,0.55,0.78,0.5799756153556138
1190,0.55,0.79,0.5794733038075437
1191,0.55,0.8,0.5788515826519358
1192,0.55,0.81,0.5780358710114265
1193,0.55,0.8200000000000001,0.5768483601959067
1194,0.55,0.8300000000000001,0.5746698386589325
1195,0.55,0.84,0.5730458946636513
1196,0.55,0.85,0.5727017821747128
1197,0.55,0.86,0.5723056190183256
1198,0.55,0.87,0.5718383479055353
1199,0.55,0.88,0.571269387404729
1200,0.55,0.89,0.5705435865948905
1201,0.55,0.9,0.5695419768535646
1202,0.55,0.91,0.5679011535588198
1203,0.55,0.92,0.5656070686756797
1204,0.55,0.93,0.5652827776458039
1205,0.55,0.9400000000000001,0.5649131031741418
1206,0.55,0.9500000000000001,0.5644771400497458
1207,0.55,0.96,0.5639572293638507
1208,0.55,0.97,0.5633057712083777
1209,0.55,0.98,0.562433594049339
1210,0.55,0.99,0.5611213377689986
1211,0.55,1.0,0.5584310604034325
1212,0.6000000000000001,0.0,1.0
1213,0.6000000000000001,0.01,0.9938147168351762
1214,0.6000000000000001,0.02,0.9767808322241198
1215,0.6000000000000001,0.03,0.9478471275735317
1216,0.6000000000000001,0.04,0.9117175602464739
1217,0.6000000000000001,0.05,0.8710158720326223
1218,0.6000000000000001,0.06,0.8270459148091187
1219,0.6000000000000001,0.07,0.7805771069602954
1220,0.6000000000000001,0.08,0.7320860851591702
1221,0.6000000000000001,0.09,0.7152359481183411
1222,0.6000000000000001,0.1,0.7148165561507994
1223,0.6000000000000001,0.11,0.7143296939014548
1224,0.6000000000000001,0.12,0.7137498472299479
1225,0.6000000000000001,0.13,0.7130301242421351
1226,0.6000000000000001,0.14,0.712080277927203
1227,0.6000000000000001,0.15,0.710682681279528
1228,0.6000000000000001,0.16,0.7079972554796317
1229,0.6000000000000001,0.17,0.7012058915135972
1230,0.6000000000000001,0.18,0.7008123264351726
1231,0.6000000000000001,0.19,0.7003588324041028
1232,0.6000000000000001,0.2,0.6998235513638602
1233,0.6000000000000001,0.21,0.6991700716821124
1234,0.6000000000000001,0.22,0.6983318507426933
1235,0.6000000000000001,0.23,0.6971613948096342
1236,0.6000000000000001,0.24,0.6952121307924884
1237,0.6000000000000001,0.25,0.6890329744904832
1238,0.6000000000000001,0.26,0.6886613539770982
1239,0.6000000000000001,0.27,0.6882359654774365
1240,0.6000000000000001,0.28,0.6877389862265919
1241,0.6000000000000001,0.29,0.6871414073256057
1242,0.6000000000000001,0.3,0.6863918938233238
1243,0.6000000000000001,0.31,0.6853863690680257
1244,0.6000000000000001,0.32,0.6838592682201583
1245,0.6000000000000001,0.33,0.6806429130491902
1246,0.6000000000000001,0.34,0.6776556707768181
1247,0.6000000000000001,0.35000000000000003,0.6772557412478935
1248,0.6000000000000001,0.36,0.6767922558701562
1249,0.6000000000000001,0.37,0.6762421947203233
1250,0.6000000000000001,0.38,0.6755651676431407
1251,0.6000000000000001,0.39,0.6746844710135681
1252,0.6000000000000001,0.4,0.6734307896293588
1253,0.6000000000000001,0.41000000000000003,0.6712330528501554
1254,0.6000000000000001,0.42,0.6674741914039007
1255,0.6000000000000001,0.43,0.6670964741971859
1256,0.6000000000000001,0.44,0.6666628386199817
1257,0.6000000000000001,0.45,0.6661535807033504
1258,0.6000000000000001,0.46,0.6655366886280355
1259,0.6000000000000001,0.47000000000000003,0.664754287010982
1260,0.6000000000000001,0.48,0.6636860351151008
1261,0.6000000000000001,0.49,0.6620113156555671
1262,0.6000000000000001,0.5,0.6579316575853418
1263,0.6000000000000001,0.51,0.6575744882495502
1264,0.6000000000000001,0.52,0.6571670810350976
1265,0.6000000000000001,0.53,0.6566935133450776
1266,0.6000000000000001,0.54,0.6561273929199803
1267,0.6000000000000001,0.55,0.6554241123496126
1268,0.6000000000000001,0.56,0.6544957939246674
1269,0.6000000000000001,0.5700000000000001,0.6531375197125355
1270,0.6000000000000001,0.58,0.650556759212896
1271,0.6000000000000001,0.59,0.6485724918469757
1272,0.6000000000000001,0.6,0.6481888774665617
1273,0.6000000000000001,0.61,0.6477464570225466
1274,0.6000000000000001,0.62,0.6472237998256477
1275,0.6000000000000001,0.63,0.6465859072255745
1276,0.6000000000000001,0.64,0.6457667443450998
1277,0.6000000000000001,0.65,0.6446215533186034
1278,0.6000000000000001,0.66,0.6427368068288339
1279,0.6000000000000001,0.67,0.6400096606763186
1280,0.6000000000000001,0.68,0.6396470395746904
1281,0.6000000000000001,0.6900000000000001,0.639232258671183
1282,0.6000000000000001,0.7000000000000001,0.6387473893600715
1283,0.6000000000000001,0.71,0.6381640951019207
1284,0.6000000000000001,0.72,0.6374320674680929
1285,0.6000000000000001,0.73,0.6364487260902476
1286,0.6000000000000001,0.74,0.6349547907375395
1287,0.6000000000000001,0.75,0.6318257204715827
1288,0.6000000000000001,0.76,0.6314810078645713
1289,0.6000000000000001,0.77,0.6310906783074323
1290,0.6000000000000001,0.78,0.6306387728087648
1291,0.6000000000000001,0.79,0.6301020264002251
1292,0.6000000000000001,0.8,0.62944091550359
1293,0.6000000000000001,0.81,0.6285805689576762
1294,0.6000000000000001,0.8200000000000001,0.627346779452143
1295,0.6000000000000001,0.8300000000000001,0.6251773933022587
1296,0.6000000000000001,0.84,0.6236537308349551
1297,0.6000000000000001,0.85,0.6232840130277468
1298,0.6000000000000001,0.86,0.6228589852106703
1299,0.6000000000000001,0.87,0.6223593841570557
1300,0.6000000000000001,0.88,0.621753448414499
1301,0.6000000000000001,0.89,0.6209883134450687
1302,0.6000000000000001,0.9,0.6199421917507303
1303,0.6000000000000001,0.91,0.6182792051838074
1304,0.6000000000000001,0.92,0.6161171681265765
1305,0.6000000000000001,0.93,0.6157683581302634
1306,0.6000000000000001,0.9400000000000001,0.6153685098606592
1307,0.6000000000000001,0.9500000000000001,0.6149031062630393
1308,0.6000000000000001,0.96,0.6143484479366339
1309,0.6000000000000001,0.97,0.6136582563861046
1310,0.6000000000000001,0.98,0.6127468627174127
1311,0.6000000000000001,0.99,0.6114029767491846
1312,0.6000000000000001,1.0,0.608846119946534
1313,0.65,0.0,1.0
1314,0.65,0.01,0.9949889762515279
1315,0.65,0.02,0.9823586211562905
1316,0.65,0.03,0.9597470530933562
1317,0.65,0.04,0.9304634128761684
1318,0.65,0.05,0.8968880528414152
1319,0.65,0.06,0.8602926568218681
1320,0.65,0.07,0.8213754755132844
1321,0.65,0.08,0.7805771069602951
1322,0.65,0.09,0.7663664399305863
1323,0.65,0.1,0.7659130021758606
1324,0.65,0.11,0.76538574624977
1325,0.65,0.12,0.7647555703271242
1326,0.65,0.13,0.7639729770805673
1327,0.65,0.14,0.7629399616273111
1328,0.65,0.15,0.7614185997517607
1329,0.65,0.16,0.7585329798602002
1330,0.65,0.17,0.7519666328789348
1331,0.65,0.18,0.7515418877008282
1332,0.65,0.19,0.751052206836636
1333,0.65,0.2,0.7504748149931181
1334,0.65,0.21,0.7497706881430778
1335,0.65,0.22,0.748868705945734
1336,0.65,0.23,0.7476135423503638
1337,0.65,0.24,0.7455495833529884
1338,0.65,0.25,0.7395699820354192
1339,0.65,0.26,0.7391704998606535
1340,0.65,0.27,0.7387140351602967
1341,0.65,0.28,0.7381814836450412
1342,0.65,0.29,0.7375423444127707
1343,0.65,0.3,0.7367432917325889
1344,0.65,0.31,0.7356764565239371
1345,0.65,0.32,0.7340700453863411
1346,0.65,0.33,0.7307978850445773
1347,0.65,0.34,0.7280273706481842
1348,0.65,0.35000000000000003,0.7275980510223402
1349,0.65,0.36,0.7271019119673419
1350,0.65,0.37,0.7265136700606531
1351,0.65,0.38,0.7257919589214844
1352,0.65,0.39,0.724857742877198
1353,0.65,0.4,0.7235324955829935
1354,0.65,0.41000000000000003,0.7212722314083454
1355,0.65,0.42,0.7177441213022767
1356,0.65,0.43,0.7173391905818535
1357,0.65,0.44,0.7168749594083971
1358,0.65,0.45,0.7163305519743577
1359,0.65,0.46,0.7156730189696446
1360,0.65,0.47000000000000003,0.7148427675810965
1361,0.65,0.48,0.7137226259244367
1362,0.65,0.49,0.7119918390949159
1363,0.65,0.5,0.7081311265821555
1364,0.65,0.51,0.7077481383289518
1365,0.65,0.52,0.7073121524996965
1366,0.65,0.53,0.7068058203465093
1367,0.65,0.54,0.7062025682501034
1368,0.65,0.55,0.7054599654074649
1369,0.65,0.56,0.7044901182171345
1370,0.65,0.5700000000000001,0.7030845995887545
1371,0.65,0.58,0.7005378116285339
1372,0.65,0.59,0.6987037313156059
1373,0.65,0.6,0.6982930241803368
1374,0.65,0.61,0.6978201899943874
1375,0.65,0.62,0.6972653998566982
1376,0.65,0.63,0.6965927443728246
1377,0.65,0.64,0.6957356582324032
1378,0.65,0.65,0.6945534202594045
1379,0.65,0.66,0.6926521924179012
1380,0.65,0.67,0.6901173715555575
1381,0.65,0.68,0.6897292386227074
1382,0.65,0.6900000000000001,0.6892872407400513
1383,0.65,0.7000000000000001,0.6887735112813388
1384,0.65,0.71,0.6881580943726545
1385,0.65,0.72,0.6873908645672517
1386,0.65,0.73,0.686372013054935
1387,0.65,0.74,0.6848528324317597
1388,0.65,0.75,0.6819264651683214
1389,0.65,0.76,0.6815590792523524
1390,0.65,0.77,0.6811420104259358
1391,0.65,0.78,0.680662473386477
1392,0.65,0.79,0.6800956004396929
1393,0.65,0.8,0.6794019265946987
1394,0.65,0.81,0.6785074070581518
1395,0.65,0.8200000000000001,0.6772477944588232
1396,0.65,0.8300000000000001,0.6751377235075244
1397,0.65,0.84,0.673731218694314
1398,0.65,0.85,0.6733381242224001
1399,0.65,0.86,0.6728872709601293
1400,0.65,0.87,0.6723616253315766
1401,0.65,0.88,0.6717288745301144
1402,0.65,0.89,0.6709328433703862
1403,0.65,0.9,0.6698580887215448
1404,0.65,0.91,0.6682113675501913
1405,0.65,0.92,0.6662060464300097
1406,0.65,0.93,0.665834654497935
1407,0.65,0.9400000000000001,0.6654126580892711
1408,0.65,0.9500000000000001,0.6649232949710173
1409,0.65,0.96,0.6643407005248474
1410,0.65,0.97,0.6636208239572465
1411,0.65,0.98,0.6626829625246217
1412,0.65,0.99,0.6613357161142189
1413,0.65,1.0,0.6589539924071145
1414,0.7000000000000001,0.0,1.0
1415,0.7000000000000001,0.01,0.9960049946526937
1416,0.7000000000000001,0.02,0.987086337089296
1417,0.7000000000000001,0.03,0.9704568211953847
1418,0.7000000000000001,0.04,0.947847127573532
1419,0.7000000000000001,0.05,0.9212527350016038
1420,0.7000000000000001,0.06,0.891837314404855
1421,0.7000000000000001,0.07,0.8602926568218681
1422,0.7000000000000001,0.08,0.8270459148091187
1423,0.7000000000000001,0.09,0.8153653536304134
1424,0.7000000000000001,0.1,0.8148782980031625
1425,0.7000000000000001,0.11,0.8143120716901107
1426,0.7000000000000001,0.12,0.813635701220509
1427,0.7000000000000001,0.13,0.8127964914948825
1428,0.7000000000000001,0.14,0.8116908798568503
1429,0.7000000000000001,0.15,0.8100680894935598
1430,0.7000000000000001,0.16,0.8070149486210926
1431,0.7000000000000001,0.17,0.8008343796119964
1432,0.7000000000000001,0.18,0.800378640927221
1433,0.7000000000000001,0.19,0.7998538970952388
1434,0.7000000000000001,0.2,0.7992355717778931
1435,0.7000000000000001,0.21,0.7984824342601549
1436,0.7000000000000001,0.22,0.7975203047966263
1437,0.7000000000000001,0.23,0.7961942898660275
1438,0.7000000000000001,0.24,0.7940568315537668
1439,0.7000000000000001,0.25,0.7884304118393287
1440,0.7000000000000001,0.26,0.7880024061748617
1441,0.7000000000000001,0.27,0.7875140774467723
1442,0.7000000000000001,0.28,0.7869447430570574
1443,0.7000000000000001,0.29,0.7862625843117521
1444,0.7000000000000001,0.3,0.7854120341242077
1445,0.7000000000000001,0.31,0.784281897203816
1446,0.7000000000000001,0.32,0.7826162617992387
1447,0.7000000000000001,0.33,0.7793818505593165
1448,0.7000000000000001,0.34,0.7768847702931467
1449,0.7000000000000001,0.35000000000000003,0.7764281995918126
1450,0.7000000000000001,0.36,0.7759012928813896
1451,0.7000000000000001,0.37,0.775278577654431
1452,0.7000000000000001,0.38,0.7745174188125322
1453,0.7000000000000001,0.39,0.7735381996831718
1454,0.7000000000000001,0.4,0.7721648924179193
1455,0.7000000000000001,0.41000000000000003,0.7698965970371383
1456,0.7000000000000001,0.42,0.766675664999238
1457,0.7000000000000001,0.43,0.7662452188641413
1458,0.7000000000000001,0.44,0.7657524821080904
1459,0.7000000000000001,0.45,0.7651764531310054
1460,0.7000000000000001,0.46,0.764483488858132
1461,0.7000000000000001,0.47000000000000003,0.7636206894356493
1462,0.7000000000000001,0.48,0.7624643637946646
1463,0.7000000000000001,0.49,0.7607074329101642
1464,0.7000000000000001,0.5,0.7571581497812788
1465,0.7000000000000001,0.51,0.7567534353190734
1466,0.7000000000000001,0.52,0.7562935768551043
1467,0.7000000000000001,0.53,0.7557612848621429
1468,0.7000000000000001,0.54,0.7551298706966824
1469,0.7000000000000001,0.55,0.7543534791141531
1470,0.7000000000000001,0.56,0.7533461898804901
1471,0.7000000000000001,0.5700000000000001,0.7519173579959431
1472,0.7000000000000001,0.58,0.7494760129823972
1473,0.7000000000000001,0.59,0.747828433836888
1474,0.7000000000000001,0.6,0.7473954195288981
1475,0.7000000000000001,0.61,0.7468982303505813
1476,0.7000000000000001,0.62,0.746315388108023
1477,0.7000000000000001,0.63,0.7456105088442437
1478,0.7000000000000001,0.64,0.7447189307169357
1479,0.7000000000000001,0.65,0.743520157613911
1480,0.7000000000000001,0.66,0.7416571434562786
1481,0.7000000000000001,0.67,0.7393669803922328
1482,0.7000000000000001,0.68,0.7389578264752643
1483,0.7000000000000001,0.6900000000000001,0.7384918428056626
1484,0.7000000000000001,0.7000000000000001,0.7379507545813803
1485,0.7000000000000001,0.71,0.7373056987753404
1486,0.7000000000000001,0.72,0.7365134103879097
1487,0.7000000000000001,0.73,0.7354756518994467
1488,0.7000000000000001,0.74,0.7339739883389734
1489,0.7000000000000001,0.75,0.7313048564488988
1490,0.7000000000000001,0.76,0.7309174100459006
1491,0.7000000000000001,0.77,0.7304796692033753
1492,0.7000000000000001,0.78,0.7299783006023928
1493,0.7000000000000001,0.79,0.7293877744625819
1494,0.7000000000000001,0.8,0.7286704882084389
1495,0.7000000000000001,0.81,0.7277563413284975
1496,0.7000000000000001,0.8200000000000001,0.726497648577977
1497,0.7000000000000001,0.8300000000000001,0.724503523742986
1498,0.7000000000000001,0.84,0.7232276207558108
1499,0.7000000000000001,0.85,0.722816047464673
1500,0.7000000000000001,0.86,0.722346513486673
1501,0.7000000000000001,0.87,0.721799628368299
1502,0.7000000000000001,0.88,0.7211444936316047
1503,0.7000000000000001,0.89,0.7203285389909647
1504,0.7000000000000001,0.9,0.7192464777602212
1505,0.7000000000000001,0.91,0.7176611086980415
1506,0.7000000000000001,0.92,0.7158491243172492
1507,0.7000000000000001,0.93,0.71545850131875
1508,0.7000000000000001,0.9400000000000001,0.7150141762690068
1509,0.7000000000000001,0.9500000000000001,0.7145078442270014
1510,0.7000000000000001,0.96,0.7139033685471059
1511,0.7000000000000001,0.97,0.7131673181812059
1512,0.7000000000000001,0.98,0.7122205251931779
1513,0.7000000000000001,0.99,0.7109038017254313
1514,0.7000000000000001,1.0,0.7087383571921533
1515,0.75,0.0,1.0
1516,0.75,0.01,0.9968895538353837
1517,0.75,0.02,0.9908905725418502
1518,0.75,0.03,0.9796717956117043
1519,0.75,0.04,0.9634632379942255
1520,0.75,0.05,0.9436415804832539
1521,0.75,0.06,0.9212527350016037
1522,0.75,0.07,0.8968880528414152
1523,0.75,0.08,0.8710158720326223
1524,0.75,0.09,0.8617837639559686
1525,0.75,0.1,0.8612632648200926
1526,0.75,0.11,0.8606589898900967
1527,0.75,0.12,0.8599376465448537
1528,0.75,0.13,0.8590441936783539
1529,0.75,0.14,0.8578692134660756
1530,0.75,0.15,0.8561541482501903
1531,0.75,0.16,0.8530071613944091
1532,0.75,0.17,0.847407249594905
1533,0.75,0.18,0.846924666345377
1534,0.75,0.19,0.846369647982476
1535,0.75,0.2,0.8457170543655954
1536,0.75,0.21,0.8449251977423977
1537,0.75,0.22,0.8439186299740551
1538,0.75,0.23,0.8425366087212918
1539,0.75,0.24,0.8403344371290478
1540,0.75,0.25,0.8352407439961196
1541,0.75,0.26,0.8347883213855324
1542,0.75,0.27,0.83427278137534
1543,0.75,0.28,0.8336734540034586
1544,0.75,0.29,0.8329579133623841
1545,0.75,0.3,0.832070310778013
1546,0.75,0.31,0.83090102876791
1547,0.75,0.32,0.8292047732984463
1548,0.75,0.33,0.82611701314703
1549,0.75,0.34,0.8239465986367672
1550,0.75,0.35000000000000003,0.8234657151853052
1551,0.75,0.36,0.8229120657189127
1552,0.75,0.37,0.8222600583685951
1553,0.75,0.38,0.8214670136973626
1554,0.75,0.39,0.8204553966372126
1555,0.75,0.4,0.8190688705581004
1556,0.75,0.41000000000000003,0.8168587751440394
1557,0.75,0.42,0.8140260850114549
1558,0.75,0.43,0.8135755404037863
1559,0.75,0.44,0.8130616327723406
1560,0.75,0.45,0.8124632881042786
1561,0.75,0.46,0.8117475964348105
1562,0.75,0.47000000000000003,0.8108574192598466
1563,0.75,0.48,0.8096795004406054
1564,0.75,0.49,0.8079632593608342
1565,0.75,0.5,0.8048169863802089
1566,0.75,0.51,0.8043913786871777
1567,0.75,0.52,0.8039094166741914
1568,0.75,0.53,0.8033534548097322
1569,0.75,0.54,0.8026999753207985
1570,0.75,0.55,0.8019057506401182
1571,0.75,0.56,0.800889084054743
1572,0.75,0.5700000000000001,0.799475828037168
1573,0.75,0.58,0.7972159717873245
1574,0.75,0.59,0.795770999414698
1575,0.75,0.6,0.7953197459665603
1576,0.75,0.61,0.7948040540781676
1577,0.75,0.62,0.7942026960886049
1578,0.75,0.63,0.7934808565045096
1579,0.75,0.64,0.7925787937224607
1580,0.75,0.65,0.7913902373411607
1581,0.75,0.66,0.7896282890554722
1582,0.75,0.67,0.7876196140804971
1583,0.75,0.68,0.7871936693445236
1584,0.75,0.6900000000000001,0.7867103642240821
1585,0.75,0.7000000000000001,0.7861519389864898
1586,0.75,0.71,0.7854958277971095
1587,0.75,0.72,0.784693464373659
1588,0.75,0.73,0.7836596836207123
1589,0.75,0.74,0.7822202497482417
1590,0.75,0.75,0.7798649773921863
1591,0.75,0.76,0.7794639874128205
1592,0.75,0.77,0.7790120233805918
1593,0.75,0.78,0.778494539692215
1594,0.75,0.79,0.7778897690618857
1595,0.75,0.8,0.7771617002166535
1596,0.75,0.81,0.7762474118332756
1597,0.75,0.8200000000000001,0.7750328287211664
1598,0.75,0.8300000000000001,0.7732113681406105
1599,0.75,0.84,0.772082914556036
1600,0.75,0.85,0.7716566326328982
1601,0.75,0.86,0.7711719802387049
1602,0.75,0.87,0.7706110789528117
1603,0.75,0.88,0.7699454215000756
1604,0.75,0.89,0.7691272306307266
1605,0.75,0.9,0.768075992075321
1606,0.75,0.91,0.766589674089064
1607,0.75,0.92,0.7650008389863525
1608,0.75,0.93,0.7645971020151785
1609,0.75,0.9400000000000001,0.7641418456599888
1610,0.75,0.9500000000000001,0.7636198027661479
1611,0.75,0.96,0.763007683254007
1612,0.75,0.97,0.7622719803145276
1613,0.75,0.98,0.7613418234008829
1614,0.75,0.99,0.7600903337560632
1615,0.75,1.0,0.7581885450732697
1616,0.8,0.0,1.0
1617,0.8,0.01,0.9976621404831791
1618,0.8,0.02,0.9938147168351762
1619,0.8,0.03,0.9870863370892957
1620,0.8,0.04,0.9767808322241198
1621,0.8,0.05,0.9634632379942255
1622,0.8,0.06,0.9478471275735317
1623,0.8,0.07,0.9304634128761684
1624,0.8,0.08,0.9117175602464739
1625,0.8,0.09,0.9048793953334539
1626,0.8,0.1,0.904327120137278
1627,0.8,0.11,0.9036858899572859
1628,0.8,0.12,0.9029221380123246
1629,0.8,0.13,0.901977888418017
1630,0.8,0.14,0.9007408097998394
1631,0.8,0.15,0.8989580194135495
1632,0.8,0.16,0.8958158397181252
1633,0.8,0.17,0.8910695431101253
1634,0.8,0.18,0.8905597972054597
1635,0.8,0.19,0.8899743800698834
1636,0.8,0.2,0.8892874730031969
1637,0.8,0.21,0.8884585713320359
1638,0.8,0.22,0.8874212225674724
1639,0.8,0.23,0.886015673712243
1640,0.8,0.24,0.8838506647872072
1641,0.8,0.25,0.8794841463847298
1642,0.8,0.26,0.8790108896069121
1643,0.8,0.27,0.8784731355782374
1644,0.8,0.28,0.8778497267491528
1645,0.8,0.29,0.8771095435610148
1646,0.8,0.3,0.8761979080869872
1647,0.8,0.31,0.8750226928596561
1648,0.8,0.32,0.8733597036416241
1649,0.8,0.33,0.8705672928087602
1650,0.8,0.34,0.8687637701424348
1651,0.8,0.35000000000000003,0.8682630056384454
1652,0.8,0.36,0.8676890088790866
1653,0.8,0.37,0.8670196465080007
1654,0.8,0.38,0.8662157748596927
1655,0.8,0.39,0.8652046279018978
1656,0.8,0.4,0.86384110295213
1657,0.8,0.41000000000000003,0.8617964982525587
1658,0.8,0.42,0.8594337529515811
1659,0.8,0.43,0.8589659952672727
1660,0.8,0.44,0.8584341628616949
1661,0.8,0.45,0.85782327177671
1662,0.8,0.46,0.8570988586347262
1663,0.8,0.47000000000000003,0.8562090351052987
1664,0.8,0.48,0.8550557277369892
1665,0.8,0.49,0.8534434587176776
1666,0.8,0.5,0.8507980954215821
1667,0.8,0.51,0.8503592820003896
1668,0.8,0.52,0.8498648443553147
1669,0.8,0.53,0.8492977570466389
1670,0.8,0.54,0.848637874266221
1671,0.8,0.55,0.8478444287681784
1672,0.8,0.56,0.8468462266783728
1673,0.8,0.5700000000000001,0.845510872534446
1674,0.8,0.58,0.8435209461322978
1675,0.8,0.59,0.8423003279464001
1676,0.8,0.6,0.8418381212712072
1677,0.8,0.61,0.8413129909042417
1678,0.8,0.62,0.84070480282339
1679,0.8,0.63,0.8399842094133149
1680,0.8,0.64,0.839105556212078
1681,0.8,0.65,0.8379677216624539
1682,0.8,0.66,0.8363772728423481
1683,0.8,0.67,0.8346915251696111
1684,0.8,0.68,0.8342580743683935
1685,0.8,0.6900000000000001,0.83376931742789
1686,0.8,0.7000000000000001,0.8332091099942903
1687,0.8,0.71,0.8325530219567053
1688,0.8,0.72,0.8317617281886589
1689,0.8,0.73,0.8307714690547879
1690,0.8,0.74,0.8294459391298766
1691,0.8,0.75,0.8274747452572165
1692,0.8,0.76,0.8270642520531776
1693,0.8,0.77,0.8266045885376315
1694,0.8,0.78,0.8260821648263993
1695,0.8,0.79,0.8254764085969696
1696,0.8,0.8,0.82476036272037
1697,0.8,0.81,0.8238834570701893
1698,0.8,0.8200000000000001,0.8227463407769692
1699,0.8,0.8300000000000001,0.8211591236525223
1700,0.8,0.84,0.8201942695151248
1701,0.8,0.85,0.8197605850632391
1702,0.8,0.86,0.8192717724009417
1703,0.8,0.87,0.8187141747031083
1704,0.8,0.88,0.8180606024691457
1705,0.8,0.89,0.8172714734662483
1706,0.8,0.9,0.8162790370345484
1707,0.8,0.91,0.8149508577978416
1708,0.8,0.92,0.8136121333524396
1709,0.8,0.93,0.8132065358796656
1710,0.8,0.9400000000000001,0.8127471970627099
1711,0.8,0.9500000000000001,0.8122266288147013
1712,0.8,0.96,0.8116246921782897
1713,0.8,0.97,0.8109050674061109
1714,0.8,0.98,0.8100265498988856
1715,0.8,0.99,0.8088868620989241
1716,0.8,1.0,0.8072879080952758
1717,0.8500000000000001,0.0,1.0
1718,0.8500000000000001,0.01,0.9983446209407495
1719,0.8500000000000001,0.02,0.9960049946526937
1720,0.8500000000000001,0.03,0.9924580876155965
1721,0.8500000000000001,0.04,0.987086337089296
1722,0.8500000000000001,0.05,0.9796717956117043
1723,0.8500000000000001,0.06,0.9704568211953847
1724,0.8500000000000001,0.07,0.9597470530933562
1725,0.8500000000000001,0.08,0.947847127573532
1726,0.8500000000000001,0.09,0.9432964621067995
1727,0.8500000000000001,0.1,0.9427197357486286
1728,0.8500000000000001,0.11,0.9420523897833118
1729,0.8500000000000001,0.12,0.9412604234077959
1730,0.8500000000000001,0.13,0.9402869261398539
1731,0.8500000000000001,0.14,0.9390251976127932
1732,0.8500000000000001,0.15,0.9372492518752052
1733,0.8500000000000001,0.16,0.9343420874495321
1734,0.8500000000000001,0.17,0.9307128268327842
1735,0.8500000000000001,0.18,0.930188624425518
1736,0.8500000000000001,0.19,0.9295898730378442
1737,0.8500000000000001,0.2,0.9288918529256041
1738,0.8500000000000001,0.21,0.9280549637976978
1739,0.8500000000000001,0.22,0.9270117108394642
1740,0.8500000000000001,0.23,0.9256398416970102
1741,0.8500000000000001,0.24,0.9236524055575831
1742,0.8500000000000001,0.25,0.9202645834499356
1743,0.8500000000000001,0.26,0.9197809423389771
1744,0.8500000000000001,0.27,0.9192339311468436
1745,0.8500000000000001,0.28,0.918604858057807
1746,0.8500000000000001,0.29,0.9178642235898381
1747,0.8500000000000001,0.3,0.9169648651113993
1748,0.8500000000000001,0.31,0.9158381390746727
1749,0.8500000000000001,0.32,0.9143063794132644
1750,0.8500000000000001,0.33,0.912001354176631
1751,0.8500000000000001,0.34,0.9106063247989243
1752,0.8500000000000001,0.35000000000000003,0.9101033241748513
1753,0.8500000000000001,0.36,0.9095313465981717
1754,0.8500000000000001,0.37,0.9088682427510338
1755,0.8500000000000001,0.38,0.9080792340899962
1756,0.8500000000000001,0.39,0.9071060451468551
1757,0.8500000000000001,0.4,0.9058599519322308
1758,0.8500000000000001,0.41000000000000003,0.9041121723060289
1759,0.8500000000000001,0.42,0.9022918842237816
1760,0.8500000000000001,0.43,0.9018234502422786
1761,0.8500000000000001,0.44,0.9012953103054211
1762,0.8500000000000001,0.45,0.9006895001591373
1763,0.8500000000000001,0.46,0.8999801082013477
1764,0.8500000000000001,0.47000000000000003,0.8991331241683962
1765,0.8500000000000001,0.48,0.8980716327575731
1766,0.8500000000000001,0.49,0.8966639654948834
1767,0.8500000000000001,0.5,0.8946141053976309
1768,0.8500000000000001,0.51,0.8941761102912166
1769,0.8500000000000001,0.52,0.8936856008281392
1770,0.8500000000000001,0.53,0.8931289159555905
1771,0.8500000000000001,0.54,0.8924850901219238
1772,0.8500000000000001,0.55,0.8917285731153202
1773,0.8500000000000001,0.56,0.8908054480759932
1774,0.8500000000000001,0.5700000000000001,0.8896230003325295
1775,0.8500000000000001,0.58,0.8880060824556263
1776,0.8500000000000001,0.59,0.8870310195656435
1777,0.8500000000000001,0.6,0.8865736574362851
1778,0.8500000000000001,0.61,0.8860588754364882
1779,0.8500000000000001,0.62,0.885469935902742
1780,0.8500000000000001,0.63,0.8847822406143647
1781,0.8500000000000001,0.64,0.8839617738336126
1782,0.8500000000000001,0.65,0.8829437294729958
1783,0.8500000000000001,0.66,0.881609605268755
1784,0.8500000000000001,0.67,0.8802962800459748
1785,0.8500000000000001,0.68,0.8798648303558072
1786,0.8500000000000001,0.6900000000000001,0.8793829230764912
1787,0.8500000000000001,0.7000000000000001,0.8788409877656379
1788,0.8500000000000001,0.71,0.8782157552073728
1789,0.8500000000000001,0.72,0.877477250171446
1790,0.8500000000000001,0.73,0.8765810010791464
1791,0.8500000000000001,0.74,0.8754446228838891
1792,0.8500000000000001,0.75,0.8739090678578204
1793,0.8500000000000001,0.76,0.8735039364800613
1794,0.8500000000000001,0.77,0.8730541965867956
1795,0.8500000000000001,0.78,0.8725481416953567
1796,0.8500000000000001,0.79,0.8719701417031758
1797,0.8500000000000001,0.8,0.8712965644984012
1798,0.8500000000000001,0.81,0.8704987399998737
1799,0.8500000000000001,0.8200000000000001,0.8695062305395524
1800,0.8500000000000001,0.8300000000000001,0.8682185270818956
1801,0.8500000000000001,0.84,0.8674332286945189
1802,0.8500000000000001,0.85,0.8670091238099124
1803,0.8500000000000001,0.86,0.8665348950354109
1804,0.8500000000000001,0.87,0.8659980483515063
1805,0.8500000000000001,0.88,0.8653849435497297
1806,0.8500000000000001,0.89,0.8646617083162565
1807,0.8500000000000001,0.9,0.8637835416275037
1808,0.8500000000000001,0.91,0.8626778266918252
1809,0.8500000000000001,0.92,0.8616144884219532
1810,0.8500000000000001,0.93,0.8612178743969832
1811,0.8500000000000001,0.9400000000000001,0.8607724599718594
1812,0.8500000000000001,0.9500000000000001,0.8602719489290709
1813,0.8500000000000001,0.96,0.859704187008329
1814,0.8500000000000001,0.97,0.8590419120318523
1815,0.8500000000000001,0.98,0.8582565029905902
1816,0.8500000000000001,0.99,0.8572865900425685
1817,0.8500000000000001,1.0,0.8560289664057439
1818,0.9,0.0,1.0
1819,0.9,0.01,0.99895391870155
1820,0.9,0.02,0.9976621404831791
1821,0.9,0.03,0.9960049946526937
1822,0.9,0.04,0.9938147168351762
1823,0.9,0.05,0.9908905725418502
1824,0.9,0.06,0.9870863370892957
1825,0.9,0.07,0.9823586211562905
1826,0.9,0.08,0.9767808322241198
1827,0.9,0.09,0.97440426888776
1828,0.9,0.1,0.9738210870276365
1829,0.9,0.11,0.9731512869750263
1830,0.9,0.12,0.9723645970287165
1831,0.9,0.13,0.9714279351986203
1832,0.9,0.14,0.9702504611300876
1833,0.9,0.15,0.9687019323644472
1834,0.9,0.16,0.9665006461798146
1835,0.9,0.17,0.964290535482002
1836,0.9,0.18,0.9637746235560577
1837,0.9,0.19,0.9631911828654491
1838,0.9,0.2,0.9625201339146301
1839,0.9,0.21,0.9617389586790114
1840,0.9,0.22,0.9607991501181573
1841,0.9,0.23,0.9596269748858577
1842,0.9,0.24,0.9580894306097681
1843,0.9,0.25,0.9559345286072037
1844,0.9,0.26,0.9554679588582116
1845,0.9,0.27,0.9549466048462264
1846,0.9,0.28,0.9543555223739785
1847,0.9,0.29,0.9536737307170885
1848,0.9,0.3,0.9528732893482319
1849,0.9,0.31,0.9519094711281253
1850,0.9,0.32,0.9507025960632762
1851,0.9,0.33,0.9491058303663145
1852,0.9,0.34,0.9481580513776475
1853,0.9,0.35000000000000003,0.9476824031759513
1854,0.9,0.36,0.9471493379387729
1855,0.9,0.37,0.9465423512645471
1856,0.9,0.38,0.9458387018807889
1857,0.9,0.39,0.9450135452400281
1858,0.9,0.4,0.9440035500915193
1859,0.9,0.41000000000000003,0.9427349972857498
1860,0.9,0.42,0.9415318944487605
1861,0.9,0.43,0.9410905667263352
1862,0.9,0.44,0.9406000861688709
1863,0.9,0.45,0.9400475494350089
1864,0.9,0.46,0.9394187006121452
1865,0.9,0.47000000000000003,0.9386918354656809
1866,0.9,0.48,0.9378250772007879
1867,0.9,0.49,0.9367632907340913
1868,0.9,0.5,0.9354055076764479
1869,0.9,0.51,0.9349948170511784
1870,0.9,0.52,0.9345408630501814
1871,0.9,0.53,0.9340344373378556
1872,0.9,0.54,0.9334622191241639
1873,0.9,0.55,0.9328117584252599
1874,0.9,0.56,0.932047465331127
1875,0.9,0.5700000000000001,0.9311343304169714
1876,0.9,0.58,0.9299985302560709
1877,0.9,0.59,0.9292897825272606
1878,0.9,0.6,0.9288676156380774
1879,0.9,0.61,0.9284001982638833
1880,0.9,0.62,0.9278761158089222
1881,0.9,0.63,0.9272803776761612
1882,0.9,0.64,0.9265974897443626
1883,0.9,0.65,0.9257909710681126
1884,0.9,0.66,0.9248157124985371
1885,0.9,0.67,0.9239094165051884
1886,0.9,0.68,0.9235120049975267
1887,0.9,0.6900000000000001,0.9230741702624107
1888,0.9,0.7000000000000001,0.9225869736934107
1889,0.9,0.71,0.9220432133463765
1890,0.9,0.72,0.9214226991014066
1891,0.9,0.73,0.9206985248427629
1892,0.9,0.74,0.9198440148188404
1893,0.9,0.75,0.918795425860232
1894,0.9,0.76,0.9184198773796247
1895,0.9,0.77,0.9180085906571372
1896,0.9,0.78,0.9175551957036436
1897,0.9,0.79,0.9170521821365274
1898,0.9,0.8,0.916482318158463
1899,0.9,0.81,0.9158260896913756
1900,0.9,0.8200000000000001,0.9150642172109321
1901,0.9,0.8300000000000001,0.914146333481728
1902,0.9,0.84,0.9135558371897164
1903,0.9,0.85,0.9131678970357033
1904,0.9,0.86,0.9127433738257591
1905,0.9,0.87,0.9122744040531945
1906,0.9,0.88,0.9117477047212915
1907,0.9,0.89,0.9111476837285051
1908,0.9,0.9,0.9104592181298288
1909,0.9,0.91,0.9096416275334904
1910,0.9,0.92,0.9088903865740942
1911,0.9,0.93,0.9085235614533219
1912,0.9,0.9400000000000001,0.90812213451347
1913,0.9,0.9500000000000001,0.9076822815712083
1914,0.9,0.96,0.9071936444102289
1915,0.9,0.97,0.9066409804229483
1916,0.9,0.98,0.906008107884486
1917,0.9,0.99,0.9052762032788937
1918,0.9,1.0,0.9043998675658024
1919,0.9500000000000001,0.0,1.0
1920,0.9500000000000001,0.01,0.9995046589411363
1921,0.9500000000000001,0.02,0.9989539187015503
1922,0.9500000000000001,0.03,0.9983446209407495
1923,0.9500000000000001,0.04,0.9976621404831791
1924,0.9500000000000001,0.05,0.9968895538353837
1925,0.9500000000000001,0.06,0.9960049946526937
1926,0.9500000000000001,0.07,0.9949889762515279
1927,0.9500000000000001,0.08,0.9938147168351762
1928,0.9500000000000001,0.09,0.9931094997259137
1929,0.9500000000000001,0.1,0.9926686221834855
1930,0.9500000000000001,0.11,0.9921826345423029
1931,0.9500000000000001,0.12,0.9916514668613039
1932,0.9500000000000001,0.13,0.9910538787377811
1933,0.9500000000000001,0.14,0.9903841634450515
1934,0.9500000000000001,0.15,0.9896258911303288
1935,0.9500000000000001,0.16,0.9887493913957466
1936,0.9500000000000001,0.17,0.9879687277404051
1937,0.9500000000000001,0.18,0.9875775692953526
1938,0.9500000000000001,0.19,0.9871545368036789
1939,0.9500000000000001,0.2,0.986689028806434
1940,0.9500000000000001,0.21,0.9861771634436636
1941,0.9500000000000001,0.22,0.9856096338976353
1942,0.9500000000000001,0.23,0.9849751997955463
1943,0.9500000000000001,0.24,0.984253376477316
1944,0.9500000000000001,0.25,0.983431546733451
1945,0.9500000000000001,0.26,0.9830753503266283
1946,0.9500000000000001,0.27,0.982689314012763
1947,0.9500000000000001,0.28,0.9822698103390721
1948,0.9500000000000001,0.29,0.9818156271735075
1949,0.9500000000000001,0.3,0.9813124530270179
1950,0.9500000000000001,0.31,0.9807603636284186
1951,0.9500000000000001,0.32,0.9801346792760737
1952,0.9500000000000001,0.33,0.9794308321125628
1953,0.9500000000000001,0.34,0.9789557647872639
1954,0.9500000000000001,0.35000000000000003,0.9786015813272159
1955,0.9500000000000001,0.36,0.9782183057418816
1956,0.9500000000000001,0.37,0.9778002373396479
1957,0.9500000000000001,0.38,0.9773488553755181
1958,0.9500000000000001,0.39,0.9768492332942117
1959,0.9500000000000001,0.4,0.9763002690669539
1960,0.9500000000000001,0.41000000000000003,0.9756793749857797
1961,0.9500000000000001,0.42,0.9751207092976255
1962,0.9500000000000001,0.43,0.9747894435489581
1963,0.9500000000000001,0.44,0.9744340528258767
1964,0.9500000000000001,0.45,0.9740530463190982
1965,0.9500000000000001,0.46,0.9736375668629021
1966,0.9500000000000001,0.47000000000000003,0.9731812038633549
1967,0.9500000000000001,0.48,0.9726825230086509
1968,0.9500000000000001,0.49,0.9721264187653345
1969,0.9500000000000001,0.5,0.9715095165082951
1970,0.9500000000000001,0.51,0.9711981820499501
1971,0.9500000000000001,0.52,0.9708641979083723
1972,0.9500000000000001,0.53,0.970508956520736
1973,0.9500000000000001,0.54,0.9701241858028062
1974,0.9500000000000001,0.55,0.9697043789124241
1975,0.9500000000000001,0.56,0.9692473464085605
1976,0.9500000000000001,0.5700000000000001,0.9687442040537404
1977,0.9500000000000001,0.58,0.9681848543927676
1978,0.9500000000000001,0.59,0.9677874290937403
1979,0.9500000000000001,0.6,0.9674743043735838
1980,0.9500000000000001,0.61,0.9671376671255695
1981,0.9500000000000001,0.62,0.966778377812973
1982,0.9500000000000001,0.63,0.9663900787794056
1983,0.9500000000000001,0.64,0.96596601307828
1984,0.9500000000000001,0.65,0.9655033665150363
1985,0.9500000000000001,0.66,0.964993753358343
1986,0.9500000000000001,0.67,0.9645247632033339
1987,0.9500000000000001,0.68,0.9642295569046639
1988,0.9500000000000001,0.6900000000000001,0.9639139200387716
1989,0.9500000000000001,0.7000000000000001,0.9635749106572106
1990,0.9500000000000001,0.71,0.9632084930768104
1991,0.9500000000000001,0.72,0.9628153859659399
1992,0.9500000000000001,0.73,0.9623863430095814
1993,0.9500000000000001,0.74,0.9619133013850201
1994,0.9500000000000001,0.75,0.9613950762364756
1995,0.9500000000000001,0.76,0.9611132124969097
1996,0.9500000000000001,0.77,0.9608121594423357
1997,0.9500000000000001,0.78,0.9604908716144079
1998,0.9500000000000001,0.79,0.9601490417722414
1999,0.9500000000000001,0.8,0.9597794724526977
2000,0.9500000000000001,0.81,0.9593774750836199
2001,0.9500000000000001,0.8200000000000001,0.958941115702127
2002,0.9500000000000001,0.8300000000000001,0.9584620504950006
2003,0.9500000000000001,0.84,0.9581086893813673
2004,0.9500000000000001,0.85,0.9578246813024371
2005,0.9500000000000001,0.86,0.9575218128540938
2006,0.9500000000000001,0.87,0.9571972469663738
2007,0.9500000000000001,0.88,0.9568477310730499
2008,0.9500000000000001,0.89,0.9564691051333849
2009,0.9500000000000001,0.9,0.956062486465682
2010,0.9500000000000001,0.91,0.9556163498201533
2011,0.9500000000000001,0.92,0.9552054606283537
2012,0.9500000000000001,0.93,0.9549324984020023
2013,0.9500000000000001,0.9400000000000001,0.954643846753447
2014,0.9500000000000001,0.9500000000000001,0.9543333956731145
2015,0.9500000000000001,0.96,0.9540054856557455
2016,0.9500000000000001,0.97,0.9536495348579159
2017,0.9500000000000001,0.98,0.9532646265712411
2018,0.9500000000000001,0.99,0.9528470046477314
2019,0.9500000000000001,1.0,0.9523942811541535
2020,1.0,0.0,1.0
2021,1.0,0.01,1.0
2022,1.0,0.02,1.0
2023,1.0,0.03,1.0
2024,1.0,0.04,1.0
2025,1.0,0.05,1.0
2026,1.0,0.06,1.0
2027,1.0,0.07,1.0
2028,1.0,0.08,1.0
2029,1.0,0.09,1.0
2030,1.0,0.1,1.0
2031,1.0,0.11,1.0
2032,1.0,0.12,1.0
2033,1.0,0.13,1.0
2034,1.0,0.14,1.0
2035,1.0,0.15,1.0
2036,1.0,0.16,1.0
2037,1.0,0.17,1.0
2038,1.0,0.18,1.0
2039,1.0,0.19,1.0
2040,1.0,0.2,1.0
2041,1.0,0.21,1.0
2042,1.0,0.22,1.0
2043,1.0,0.23,1.0
2044,1.0,0.24,1.0
2045,1.0,0.25,1.0
2046,1.0,0.26,1.0
2047,1.0,0.27,1.0
2048,1.0,0.28,1.0
2049,1.0,0.29,1.0
2050,1.0,0.3,1.0
2051,1.0,0.31,1.0
2052,1.0,0.32,1.0
2053,1.0,0.33,1.0
2054,1.0,0.34,1.0
2055,1.0,0.35000000000000003,1.0
2056,1.0,0.36,1.0
2057,1.0,0.37,1.0
2058,1.0,0.38,1.0
2059,1.0,0.39,1.0
2060,1.0,0.4,1.0
2061,1.0,0.41000000000000003,1.0
2062,1.0,0.42,1.0
2063,1.0,0.43,1.0
2064,1.0,0.44,1.0
2065,1.0,0.45,1.0
2066,1.0,0.46,1.0
2067,1.0,0.47000000000000003,1.0
2068,1.0,0.48,1.0
2069,1.0,0.49,1.0
2070,1.0,0.5,1.0
2071,1.0,0.51,1.0
2072,1.0,0.52,1.0
2073,1.0,0.53,1.0
2074,1.0,0.54,1.0
2075,1.0,0.55,1.0
2076,1.0,0.56,1.0
2077,1.0,0.5700000000000001,1.0
2078,1.0,0.58,1.0
2079,1.0,0.59,1.0
2080,1.0,0.6,1.0
2081,1.0,0.61,1.0
2082,1.0,0.62,1.0
2083,1.0,0.63,1.0
2084,1.0,0.64,1.0
2085,1.0,0.65,1.0
2086,1.0,0.66,1.0
2087,1.0,0.67,1.0
2088,1.0,0.68,1.0
2089,1.0,0.6900000000000001,1.0
2090,1.0,0.7000000000000001,1.0
2091,1.0,0.71,1.0
2092,1.0,0.72,1.0
2093,1.0,0.73,1.0
2094,1.0,0.74,1.0
2095,1.0,0.75,1.0
2096,1.0,0.76,1.0
2097,1.0,0.77,1.0
2098,1.0,0.78,1.0
2099,1.0,0.79,1.0
2100,1.0,0.8,1.0
2101,1.0,0.81,1.0
2102,1.0,0.8200000000000001,1.0
2103,1.0,0.8300000000000001,1.0
2104,1.0,0.84,1.0
2105,1.0,0.85,1.0
2106,1.0,0.86,1.0
2107,1.0,0.87,1.0
2108,1.0,0.88,1.0
2109,1.0,0.89,1.0
2110,1.0,0.9,1.0
2111,1.0,0.91,1.0
2112,1.0,0.92,1.0
2113,1.0,0.93,1.0
2114,1.0,0.9400000000000001,1.0
2115,1.0,0.9500000000000001,1.0
2116,1.0,0.96,1.0
2117,1.0,0.97,1.0
2118,1.0,0.98,1.0
2119,1.0,0.99,1.0
2120,1.0,1.0,1.0
